Marine_code,nir,red,blue,green,emad,smad,bcmad,nir08,nir09,swir16,swir22,coastal,rededge1,rededge2,rededge3,mndwi,ndti,cai,ndvi,evi,savi,ndwi,b_g,b_r,swir22_swir16,mci,ndci,nbi,ndmi,bsi,awei,tc_wetness,y,x
1.0,0.1078,0.13040000000000002,0.1208,0.14250000000000002,0.18664694,3.9926113e-06,2.221287e-05,0.0916,0.061500000000000006,0.06860000000000001,0.047400000000000005,0.0799,0.11760000000000001,0.0931,0.0974,0.35007105637138797,-0.04433858556247709,-0.2037867463876433,-0.09487825356842992,0.14133306238569396,-0.09487825356842992,0.1386336396324411,0.847719298245614,0.9263803680981594,0.6909620991253644,0.9166666666666666,-0.05161290322580647,-0.2222222222222222,0.2222222222222222,-0.12500000000000003,0.2243000000000001,0.10079834000000006,-1947955.0,3133835.0
1.0,0.1107,0.1386,0.13140000000000002,0.15410000000000001,0.23418245,3.165072e-06,2.4238683e-05,0.11,0.069,0.08070000000000001,0.0555,0.0897,0.13920000000000002,0.10990000000000001,0.11510000000000001,0.3126064735945486,-0.05295524427741719,-0.18860244233378567,-0.11191335740072199,0.1443875418060201,-0.11191335740072199,0.16389728096676737,0.8526930564568462,0.9480519480519481,0.6877323420074349,0.7952586206896551,0.002159827213822956,-0.1567398119122257,0.1567398119122257,-0.11004126547455305,0.24342500000000006,0.11014068000000006,-1947965.0,3133905.0
1.0,0.1102,0.1378,0.1327,0.15430000000000002,0.22628662,3.0327021e-06,2.2525548e-05,0.10980000000000001,0.0776,0.0839,0.058300000000000005,0.0912,0.1394,0.111,0.115,0.29554995801847195,-0.05648750427935643,-0.18535060294774455,-0.11129032258064515,0.14621714892487395,-0.11129032258064515,0.16672967863894145,0.8600129617627997,0.962989840348331,0.6948748510131109,0.7905308464849355,0.005772005772005737,-0.1354971664090675,0.1354971664090675,-0.10660592255125287,0.24187500000000006,0.10768205000000004,-1947975.0,3133915.0
1.0,0.11,0.13620000000000002,0.12510000000000002,0.14930000000000002,0.22044267,4.144907e-06,2.4891084e-05,0.1019,0.0609,0.07880000000000001,0.0541,0.0813,0.13090000000000002,0.1023,0.10790000000000001,0.30907496711968435,-0.04588441330998248,-0.21220930232558147,-0.10641754670999193,0.14035087719298248,-0.10641754670999193,0.15156189741612036,0.8379102478231748,0.9185022026431718,0.6865482233502538,0.8403361344537814,-0.0198427555222763,-0.16525423728813554,0.16525423728813554,-0.10531264692054537,0.22867500000000007,0.10395625000000003,-1947945.0,3133835.0
1.0,0.10600000000000001,0.12940000000000002,0.1217,0.14300000000000002,0.21166986,3.2086043e-06,2.5620853e-05,0.1013,0.0601,0.07690000000000001,0.0536,0.08220000000000001,0.1273,0.10070000000000001,0.10590000000000001,0.3005911778080946,-0.049926578560939794,-0.19372241294752324,-0.0994052676295667,0.1398442737070077,-0.0994052676295667,0.14859437751004018,0.851048951048951,0.9404945904173105,0.6970091027308192,0.8326787117046348,-0.008180755746007082,-0.15910333515582284,0.15910333515582284,-0.10883856829802771,0.2182500000000001,0.09903129999999999,-1947935.0,3133795.0
1.0,0.10840000000000001,0.132,0.12480000000000001,0.1458,0.20533624,3.7590205e-06,2.4249019e-05,0.0978,0.0673,0.0743,0.0512,0.08700000000000001,0.12560000000000002,0.0993,0.10350000000000001,0.32485233984552475,-0.04967602591792658,-0.17847025495750707,-0.09816971713810314,0.14413106594773953,-0.09816971713810314,0.14712824547600314,0.8559670781893004,0.9454545454545454,0.6890982503364738,0.8630573248407643,-0.024844720496894363,-0.18664477285166942,0.18664477285166942,-0.12007684918347747,0.22805000000000003,0.10295044000000002,-1947955.0,3133845.0
1.0,0.1144,0.1431,0.1366,0.1588,0.23374777,3.1487225e-06,2.3649207e-05,0.1126,0.07440000000000001,0.0869,0.0594,0.08900000000000001,0.1409,0.11230000000000001,0.1169,0.2926332926332926,-0.05200397482610133,-0.21099290780141838,-0.11145631067961166,0.1506589351607802,-0.11145631067961166,0.1625183016105417,0.8602015113350127,0.954577218728162,0.6835443037974683,0.8119233498935415,-0.007746478873239462,-0.13661202185792348,0.13661202185792348,-0.10694597574421165,0.24650000000000005,0.10936889999999999,-1947965.0,3133895.0
1.0,0.1395,0.1326,0.11320000000000001,0.1312,0.086021185,6.5578223e-07,7.888056e-06,0.14980000000000002,0.1208,0.1194,0.07300000000000001,0.096,0.155,0.1487,0.1506,0.04708699122106944,0.00530705079605756,-0.08221797323135759,0.025358324145534794,0.19901482368106066,0.025358324145534794,-0.030661248614702624,0.8628048780487805,0.8536953242835597,0.611390284757119,0.9000000000000001,0.07788595271210016,-0.07763615295480883,0.07763615295480883,-0.10277111062622742,0.0711,0.08012755999999997,-1944435.0,3133495.0
5.0,0.045200000000000004,0.09720000000000001,0.11120000000000001,0.1287,0.099508785,3.1659395e-06,1.829775e-05,0.0414,0.0302,0.033100000000000004,0.0303,0.0907,0.0946,0.049600000000000005,0.0533,0.5908529048207664,-0.1394422310756972,-0.1015354135710748,-0.36516853932584264,0.01988922457200404,-0.36516853932584264,0.4801610120759057,0.864024864024864,1.1440329218106995,0.9154078549848942,0.47780126849894294,-0.01355578727841504,-0.15453384418901658,0.15453384418901658,-0.10179640718562875,0.32307500000000006,0.10399956000000002,-1946155.0,3133985.0
5.0,0.041800000000000004,0.09230000000000001,0.10540000000000001,0.1213,0.09338048,2.837199e-06,1.9028934e-05,0.0392,0.0402,0.0327,0.029400000000000003,0.0867,0.08660000000000001,0.045700000000000005,0.048600000000000004,0.5753246753246755,-0.13576779026217226,-0.09734513274336287,-0.3765846383296048,0.015153397093528757,-0.3765846383296048,0.48743102391171056,0.8689200329760923,1.14192849404117,0.8990825688073395,0.4826789838337182,-0.03186137506987142,-0.12214765100671145,0.12214765100671145,-0.09483079211602824,0.30425,0.09584962000000001,-1946005.0,3134005.0
5.0,0.0489,0.09530000000000001,0.10310000000000001,0.11950000000000001,0.11446513,3.2895773e-06,2.0716197e-05,0.0461,0.0429,0.0344,0.0308,0.084,0.0931,0.0529,0.056600000000000004,0.552956465237167,-0.11266294227188081,-0.10208444681988244,-0.3217753120665743,0.031801286211575894,-0.3217753120665743,0.4192399049881236,0.8627615062761507,1.0818467995802727,0.8953488372093024,0.5252416756176155,-0.01167728237791936,-0.17406962785114044,0.17406962785114044,-0.0931319669183747,0.2846,0.09720087999999999,-1945855.0,3134065.0
5.0,0.061200000000000004,0.10070000000000001,0.1066,0.12340000000000001,0.12987027,5.4146826e-06,2.3023213e-05,0.057,0.0476,0.0375,0.0325,0.0829,0.0998,0.0632,0.0679,0.5338719701678061,-0.10129406514948681,-0.12506596306068601,-0.2439777640518839,0.06039958424760366,-0.2439777640518839,0.3369447453954496,0.8638573743922203,1.058589870903674,0.8666666666666667,0.6132264529058117,-0.004488778054862902,-0.2401215805471125,0.2401215805471125,-0.11495016611295676,0.275175,0.10060159999999999,-1945725.0,3134125.0
5.0,0.0572,0.09570000000000001,0.1017,0.1173,0.116653815,4.2945862e-06,2.0585965e-05,0.0553,0.042300000000000004,0.038400000000000004,0.0333,0.08410000000000001,0.0975,0.0621,0.06570000000000001,0.5067437379576107,-0.10140845070422531,-0.09472551130247572,-0.2517985611510792,0.05445231105738791,-0.2517985611510792,0.34441260744985674,0.867007672634271,1.0626959247648902,0.8671875,0.5866666666666667,0.009316770186335383,-0.19665271966527192,0.19665271966527192,-0.10385550538381376,0.259875,0.09514369,-1945585.0,3134175.0
5.0,0.0557,0.0969,0.10600000000000001,0.12190000000000001,0.12798877,4.0777445e-06,2.4261833e-05,0.0517,0.039400000000000004,0.0383,0.033600000000000005,0.0818,0.09570000000000001,0.0589,0.0621,0.5218476903870163,-0.11425959780621577,-0.12886048988285415,-0.2699868938401048,0.050290939318370725,-0.2699868938401048,0.37274774774774777,0.8695652173913043,1.0939112487100104,0.8772845953002613,0.5820271682340648,-0.006230529595015539,-0.1851063829787234,0.1851063829787234,-0.10677618069815197,0.27815,0.09633898,-1945445.0,3134275.0
5.0,0.0488,0.09480000000000001,0.1039,0.1211,0.12819748,2.3830682e-06,2.5044152e-05,0.048,0.0443,0.0361,0.0313,0.0835,0.0911,0.0538,0.0577,0.5407124681933841,-0.12181565539601662,-0.10885805763073639,-0.32033426183844016,0.03244468300829009,-0.32033426183844016,0.4255444379046498,0.8579686209744014,1.0959915611814346,0.8670360110803325,0.5356750823271131,-0.01990317374932764,-0.1495877502944641,0.1495877502944641,-0.09540889526542318,0.28712499999999996,0.09541177000000002,-1945295.0,3134325.0
5.0,0.0499,0.0854,0.0949,0.10940000000000001,0.112092614,2.8970242e-06,2.2618278e-05,0.0478,0.044500000000000005,0.0364,0.032100000000000004,0.0791,0.0877,0.0531,0.056900000000000006,0.5006858710562414,-0.12320328542094458,-0.0908045977011494,-0.262379896526238,0.04626418199988242,-0.262379896526238,0.3735091023226617,0.8674588665447897,1.1112412177985949,0.881868131868132,0.5689851767388826,0.013287117273252434,-0.1564310544611819,0.1564310544611819,-0.1040792985131528,0.246975,0.08520804999999998,-1945065.0,3134435.0
5.0,0.0548,0.0862,0.0908,0.108,0.10486951,2.4589299e-06,2.3048085e-05,0.051000000000000004,0.07100000000000001,0.0373,0.0318,0.0734,0.0907,0.0567,0.061200000000000004,0.48657949070887824,-0.11225540679711639,-0.10596833130328866,-0.22269503546099287,0.0570145903479237,-0.22269503546099287,0.32678132678132676,0.8407407407407408,1.0533642691415315,0.8525469168900804,0.6041896361631753,0.02543810062182026,-0.1900108577633008,0.1900108577633008,-0.10470409711684375,0.23060000000000003,0.08517757,-1944915.0,3134505.0
5.0,0.0693,0.0761,0.0727,0.0847,0.110249706,1.4124274e-06,1.8716917e-05,0.1003,0.1199,0.060000000000000005,0.042100000000000005,0.048100000000000004,0.0833,0.0915,0.1004,0.17069799585348994,-0.053482587064676596,-0.20364238410596022,-0.04676753782668501,0.09906694539336156,-0.04676753782668501,0.09999999999999998,0.8583234946871311,0.9553219448094612,0.7016666666666667,0.8319327731092437,0.045169385194479286,-0.0719257540603248,0.0719257540603248,-0.09146810146041513,0.10102499999999998,0.049305809999999985,-1944755.0,3134595.0
5.0,0.050300000000000004,0.081,0.08710000000000001,0.1038,0.119707346,2.585867e-06,2.2706108e-05,0.046,0.0697,0.0358,0.0317,0.0625,0.08460000000000001,0.050800000000000005,0.055200000000000006,0.4871060171919771,-0.12337662337662336,-0.16443850267379684,-0.2338156892612338,0.05067663212728611,-0.2338156892612338,0.3471771576898118,0.8391136801541427,1.0753086419753088,0.8854748603351955,0.5945626477541371,0.021739130434782643,-0.16840882694541237,0.16840882694541237,-0.09876049580167945,0.225375,0.07887615000000002,-1944395.0,3134685.0
5.0,0.0716,0.0839,0.0809,0.0955,0.12606455,1.8785714e-06,1.9439798e-05,0.0751,0.0886,0.062,0.0471,0.0555,0.0903,0.0763,0.0777,0.21269841269841272,-0.06465997770345595,-0.18621700879765396,-0.07909967845659167,0.09821843532145622,-0.07909967845659167,0.14302812687013766,0.8471204188481675,0.9642431466030988,0.7596774193548388,0.7929125138427463,0.03673938002296213,-0.07185628742514968,0.07185628742514968,-0.07583774250440915,0.131025,0.057634710000000006,-1944585.0,3134675.0
5.0,0.0534,0.09960000000000001,0.10650000000000001,0.1262,0.13474883,2.4783312e-06,2.3061988e-05,0.0545,0.0829,0.0422,0.0371,0.0804,0.1015,0.0604,0.0656,0.49881235154394304,-0.11780336581045173,-0.13964686998394868,-0.30196078431372547,0.039777060721619246,-0.30196078431372547,0.4053452115812918,0.8438985736925515,1.069277108433735,0.8791469194312796,0.5261083743842364,0.009448035803083038,-0.11715481171548119,0.11715481171548119,-0.07821982467970329,0.28787500000000005,0.09787514000000003,-1944085.0,3134355.0
5.0,0.0627,0.1048,0.11270000000000001,0.13140000000000002,0.12603997,2.9076725e-06,1.8739867e-05,0.0693,0.1274,0.050300000000000004,0.0408,0.069,0.1056,0.0732,0.0784,0.44634012107870114,-0.11261642675698565,-0.24050632911392403,-0.2513432835820895,0.06138847858197932,-0.2513432835820895,0.35394126738794435,0.8576864535768645,1.075381679389313,0.8111332007952287,0.5937500000000001,0.0038022813688212698,-0.10973451327433628,0.10973451327433628,-0.09283489096573207,0.2819,0.09679592999999999,-1944195.0,3134565.0
5.0,0.05,0.1009,0.1096,0.1298,0.13477163,2.5205045e-06,2.8350454e-05,0.048100000000000004,0.053200000000000004,0.038900000000000004,0.0356,0.0888,0.09380000000000001,0.0533,0.057600000000000005,0.5388263189093063,-0.1252709146077156,-0.10483870967741934,-0.3373094764744864,0.02891768658507319,-0.3373094764744864,0.4438264738598442,0.8443759630200308,1.0862239841427155,0.9151670951156812,0.5330490405117271,-0.03646635850025678,-0.12485939257592799,0.12485939257592799,-0.07801418439716315,0.30965000000000004,0.09854561999999997,-1944025.0,3134175.0
5.0,0.0548,0.10310000000000001,0.11320000000000001,0.1318,0.1475592,3.1214176e-06,2.3491102e-05,0.055600000000000004,0.047900000000000005,0.0396,0.0332,0.0844,0.0983,0.0614,0.0664,0.5379229871645275,-0.12217965091528306,-0.14574898785425106,-0.30588980367321095,0.04112081513828239,-0.30588980367321095,0.41264737406216506,0.858877086494689,1.0979631425800194,0.8383838383838383,0.5574771108850458,-0.023833167825223496,-0.16101694915254233,0.16101694915254233,-0.10417351298061125,0.3094,0.10311358,-1944055.0,3133995.0
5.0,0.0436,0.0794,0.0877,0.1027,0.12334858,2.9527903e-06,2.6155874e-05,0.0426,0.12490000000000001,0.034800000000000005,0.0302,0.0579,0.0791,0.046400000000000004,0.0499,0.4938181818181817,-0.12795167490389897,-0.20467032967032966,-0.2910569105691057,0.034328790953899686,-0.2910569105691057,0.4039644565960356,0.8539435248296008,1.1045340050377834,0.8678160919540229,0.5512010113780025,-0.0018927444794952348,-0.11224489795918362,0.11224489795918362,-0.0900788709007887,0.2344,0.07660467,-1944085.0,3133825.0
5.0,0.051800000000000006,0.0918,0.0966,0.11280000000000001,0.1332397,3.0790925e-06,2.7730543e-05,0.048100000000000004,0.0664,0.0332,0.027600000000000003,0.07440000000000001,0.0908,0.053700000000000005,0.0591,0.5452054794520548,-0.1026392961876833,-0.12982456140350876,-0.2785515320334262,0.04293360665072315,-0.2785515320334262,0.370595382746051,0.8563829787234042,1.0522875816993464,0.8313253012048194,0.5704845814977973,-0.005476451259583794,-0.21882352941176475,0.21882352941176475,-0.10828976848394321,0.25800000000000006,0.09340167000000005,-1944215.0,3133665.0
5.0,0.0683,0.10890000000000001,0.1136,0.12990000000000002,0.17427424,5.133569e-06,2.6099491e-05,0.0671,0.0511,0.0458,0.033600000000000005,0.09860000000000001,0.10830000000000001,0.07200000000000001,0.07540000000000001,0.4786568013659647,-0.08793969849246233,-0.07068803016022619,-0.22911963882618513,0.07111647694607336,-0.22911963882618513,0.3107971745711403,0.8745188606620476,1.0431588613406795,0.7336244541484717,0.6306555863342567,-0.0027624309392265344,-0.1971954425942156,0.1971954425942156,-0.12145499383477185,0.27559999999999996,0.10665734,-1944295.0,3133535.0
5.0,0.0709,0.1114,0.117,0.1341,0.15420903,5.1292327e-06,2.4153405e-05,0.066,0.0504,0.049100000000000005,0.0363,0.1,0.10690000000000001,0.0704,0.0736,0.4639737991266375,-0.09246435845213849,-0.07834101382488479,-0.222161272627537,0.07640983987003948,-0.222161272627537,0.3082926829268292,0.8724832214765101,1.0502692998204668,0.7393075356415477,0.6632366697848456,-0.020613834173156164,-0.18166666666666664,0.18166666666666664,-0.11978545887961863,0.28132499999999994,0.10528498999999998,-1944365.0,3133415.0
5.0,0.051300000000000005,0.0887,0.0974,0.1124,0.14167032,2.8722584e-06,2.3380038e-05,0.0577,0.1053,0.0408,0.0344,0.079,0.0889,0.059000000000000004,0.06470000000000001,0.4673629242819843,-0.11785181501740427,-0.10430839002267574,-0.26714285714285707,0.04636576787807738,-0.26714285714285707,0.3732437385461209,0.8665480427046264,1.0980834272829763,0.8431372549019607,0.5770528683914511,0.0011261261261261584,-0.11400651465798047,0.11400651465798047,-0.094186902133922,0.24885,0.08427934999999998,-1944465.0,3133325.0
5.0,0.0429,0.07730000000000001,0.0815,0.09430000000000001,0.11897563,4.3920786e-06,3.3386277e-05,0.0419,0.0412,0.0346,0.030500000000000003,0.0702,0.07830000000000001,0.0465,0.0495,0.4631497284716835,-0.09906759906759906,-0.0744891232696111,-0.286189683860233,0.03344687028868166,-0.286189683860233,0.3746355685131195,0.8642629904559914,1.0543337645536868,0.8815028901734105,0.5478927203065134,0.006426735218509003,-0.1070967741935484,0.1070967741935484,-0.07149009474590871,0.20862500000000006,0.07321681,-1944535.0,3133015.0
5.0,0.0558,0.0872,0.0852,0.1004,0.12765732,5.519983e-06,2.7454656e-05,0.054,0.0415,0.033600000000000005,0.028,0.07200000000000001,0.0893,0.058300000000000005,0.062200000000000005,0.49850746268656715,-0.070362473347548,-0.0839694656488549,-0.21958041958041954,0.05563829787234044,-0.21958041958041954,0.2855313700384123,0.8486055776892429,0.9770642201834863,0.8333333333333333,0.6248600223964166,0.011898016997167166,-0.24832214765100666,0.24832214765100666,-0.10070257611241225,0.2091,0.08511637,-1944615.0,3132865.0
5.0,0.0601,0.0916,0.0941,0.1097,0.14359507,6.3109874e-06,2.7024957e-05,0.0582,0.0444,0.0403,0.034,0.079,0.0931,0.0614,0.0658,0.4626666666666666,-0.0899155489319424,-0.08723281340265744,-0.20764667106130522,0.06488190718513191,-0.20764667106130522,0.2921083627797409,0.8577939835916135,1.027292576419214,0.8436724565756824,0.6455424274973147,0.008121277747698979,-0.19721115537848602,0.19721115537848602,-0.10221586847748397,0.22625,0.08616337999999998,-1944635.0,3132665.0
5.0,0.046700000000000005,0.08420000000000001,0.0887,0.10600000000000001,0.12256169,4.824859e-06,3.012576e-05,0.046700000000000005,0.0425,0.031200000000000002,0.025400000000000002,0.0688,0.0814,0.05,0.0543,0.5451895043731778,-0.11461619348054677,-0.12634920634920635,-0.28647822765469827,0.036711216376247684,-0.28647822765469827,0.38834315651604456,0.8367924528301885,1.0534441805225652,0.8141025641025641,0.5737100737100738,-0.016908212560386535,-0.19897304236200258,0.19897304236200258,-0.10530612244897958,0.2432,0.08489218000000001,-1944625.0,3132485.0
5.0,0.0454,0.1032,0.1198,0.1398,0.11976589,2.6342839e-06,2.0684909e-05,0.042800000000000005,0.029500000000000002,0.033800000000000004,0.0318,0.0966,0.1,0.0511,0.0548,0.6105990783410139,-0.15061728395061733,-0.10720887245841033,-0.3889636608344549,0.013444720010442508,-0.3889636608344549,0.509719222462203,0.8569384835479256,1.1608527131782946,0.9408284023668638,0.454,-0.015748031496062964,-0.14646464646464644,0.14646464646464644,-0.10059960026648901,0.35845000000000005,0.11223491000000001,-1946305.0,3133985.0
5.0,0.058300000000000005,0.09290000000000001,0.0971,0.1153,0.13219966,4.7691374e-06,2.2541508e-05,0.0521,0.0328,0.0322,0.0281,0.0826,0.0981,0.0609,0.06520000000000001,0.5633898305084747,-0.10758885686839573,-0.0806900389538119,-0.22883597883597886,0.05955265085356922,-0.22883597883597886,0.32834101382488473,0.8421509106678231,1.0452099031216362,0.8726708074534162,0.5942915392456677,0.027225130890052338,-0.2883977900552487,0.2883977900552487,-0.1244573082489146,0.25662500000000005,0.09893908000000001,-1946575.0,3133845.0
5.0,0.056100000000000004,0.09380000000000001,0.0949,0.113,0.13279372,4.132974e-06,2.6026984e-05,0.0538,0.0463,0.031900000000000005,0.0274,0.07690000000000001,0.0999,0.062400000000000004,0.0675,0.559696342305038,-0.09284332688588005,-0.10477299185098946,-0.25150100066711145,0.05120432122581712,-0.25150100066711145,0.33648728562980484,0.8398230088495575,1.0117270788912578,0.8589341692789968,0.5615615615615616,0.03149199793495092,-0.27499999999999997,0.27499999999999997,-0.10947832476120498,0.25225,0.09951523999999999,-1946735.0,3133765.0
6.0,0.040100000000000004,0.0683,0.07880000000000001,0.09090000000000001,0.11469343,2.8068512e-06,2.8968358e-05,0.043300000000000005,0.0388,0.039,0.0364,0.0737,0.0747,0.0461,0.0483,0.39953810623556585,-0.14195979899497493,-0.03344262295081971,-0.26014760147601473,0.03719874257771569,-0.26014760147601473,0.38778625954198476,0.8668866886688669,1.1537335285505126,0.9333333333333333,0.536813922356091,0.04475524475524477,-0.013906447534766166,0.013906447534766166,-0.0635062611806798,0.19650000000000004,0.06233791,-1946475.0,3134115.0
6.0,0.0403,0.0767,0.0884,0.1028,0.10932822,2.7556955e-06,2.5273393e-05,0.0396,0.0358,0.036500000000000005,0.034,0.07050000000000001,0.0776,0.0443,0.046400000000000004,0.475951184493898,-0.14540389972144846,-0.11264946507237254,-0.3111111111111111,0.028716417910447763,-0.3111111111111111,0.43675751222921033,0.8599221789883269,1.152542372881356,0.9315068493150684,0.5193298969072165,0.005832793259883331,-0.04947916666666664,0.04947916666666664,-0.07518796992481204,0.23870000000000002,0.07349732999999999,-1946345.0,3134145.0
6.0,0.0285,0.060500000000000005,0.0748,0.08700000000000001,0.095652774,3.0965118e-06,2.7810725e-05,0.030000000000000002,0.0273,0.0304,0.028900000000000002,0.0682,0.059300000000000005,0.0324,0.0342,0.48211243611584337,-0.17966101694915254,-0.04615384615384621,-0.3595505617977528,0.012944009632751358,-0.3595505617977528,0.5064935064935066,0.8597701149425288,1.2363636363636363,0.9506578947368421,0.48060708263069135,-0.010016694490818026,0.03225806451612901,-0.03225806451612901,-0.07213284898806432,0.211175,0.05839551000000001,-1946115.0,3134235.0
6.0,0.032600000000000004,0.0567,0.0699,0.0806,0.081140034,4.0369628e-06,3.06828e-05,0.0317,0.031400000000000004,0.0309,0.029500000000000002,0.0627,0.0597,0.0349,0.0369,0.4457399103139014,-0.17407137654770577,-0.05429864253393664,-0.2698768197088465,0.02922632726415652,-0.2698768197088465,0.4240282685512367,0.8672456575682382,1.2328042328042328,0.9546925566343043,0.5460636515912898,0.025773195876288683,-0.026771653543307142,0.026771653543307142,-0.08638049814520407,0.18352500000000005,0.053859729999999995,-1945975.0,3134305.0
6.0,0.0412,0.0651,0.0785,0.091,0.10052449,3.5632013e-06,2.6925873e-05,0.038900000000000004,0.0379,0.037000000000000005,0.0344,0.0668,0.0719,0.0427,0.0448,0.42187499999999994,-0.1659192825112107,-0.08052305574673092,-0.2248353715898401,0.0449558151948283,-0.2248353715898401,0.3767019667170953,0.8626373626373627,1.205837173579109,0.9297297297297296,0.5730180806675939,0.049635036496350364,-0.05370843989769815,0.05370843989769815,-0.09215328467153283,0.19729999999999998,0.061400630000000005,-1945855.0,3134275.0
6.0,0.0366,0.061200000000000004,0.0734,0.08560000000000001,0.09705995,4.612529e-06,3.1642772e-05,0.0364,0.0351,0.035500000000000004,0.0323,0.0641,0.06620000000000001,0.04,0.0415,0.41370767960363336,-0.16621253405994552,-0.06763636363636365,-0.2515337423312884,0.03550919957810852,-0.2515337423312884,0.4009819967266776,0.8574766355140186,1.1993464052287581,0.9098591549295775,0.552870090634441,0.03924646781789642,-0.01525658807212201,0.01525658807212201,-0.08108108108108114,0.18732500000000005,0.056937440000000006,-1945705.0,3134305.0
6.0,0.0358,0.0626,0.0738,0.0879,0.109804064,2.8711318e-06,3.0022653e-05,0.0351,0.0313,0.033800000000000004,0.031100000000000003,0.0636,0.0707,0.0393,0.0414,0.4445357436318817,-0.1681063122923588,-0.074235807860262,-0.2723577235772358,0.03135563585499474,-0.2723577235772358,0.42118027485852877,0.8395904436860068,1.1789137380191694,0.9201183431952662,0.5063649222065063,0.06076519129782443,-0.028735632183907973,0.028735632183907973,-0.07820954254795867,0.196925,0.061925379999999995,-1945355.0,3134535.0
6.0,0.0368,0.062200000000000005,0.0753,0.08800000000000001,0.10324851,2.1938622e-06,3.0889387e-05,0.0375,0.030100000000000002,0.0359,0.033100000000000004,0.0678,0.06670000000000001,0.039900000000000005,0.0413,0.420500403551251,-0.17177097203728364,-0.05241090146750529,-0.2565656565656566,0.035255841467021584,-0.2565656565656566,0.4102564102564103,0.8556818181818182,1.2106109324758842,0.9220055710306407,0.5517241379310344,0.034910783553142,-0.01237964236588718,0.01237964236588718,-0.08100289296046284,0.194525,0.057887199999999986,-1945065.0,3134605.0
6.0,0.0392,0.056900000000000006,0.07490000000000001,0.07980000000000001,0.11058781,3.8138896e-06,3.6346784e-05,0.0409,0.041,0.040100000000000004,0.0364,0.0679,0.0506,0.0408,0.0422,0.33110925771476235,-0.16752011704462327,-0.049019607843137296,-0.18418314255983356,0.05019234291994871,-0.18418314255983356,0.34117647058823536,0.9385964912280702,1.3163444639718804,0.9077306733167082,0.7747035573122529,-0.058604651162790754,0.011349306431273706,-0.011349306431273706,-0.10028929604628735,0.16455000000000003,0.041302229999999995,-1945205.0,3134475.0
6.0,0.0385,0.0618,0.07100000000000001,0.0824,0.08840885,2.3071377e-06,2.721824e-05,0.0408,0.057300000000000004,0.0361,0.0323,0.0634,0.0704,0.0436,0.046700000000000005,0.3907172995780591,-0.14285714285714288,-0.05654761904761911,-0.23230309072781657,0.039290602189781025,-0.23230309072781657,0.3631100082712986,0.8616504854368933,1.1488673139158576,0.8947368421052632,0.546875,0.06505295007564299,-0.03217158176943699,0.03217158176943699,-0.07563850687622795,0.17317500000000002,0.05756111999999999,-1944805.0,3134635.0
6.0,0.0424,0.06760000000000001,0.0804,0.09380000000000001,0.10293662,2.2886752e-06,2.7615248e-05,0.0427,0.0374,0.0391,0.035500000000000004,0.07300000000000001,0.0748,0.0459,0.0483,0.4115876598946576,-0.16232961586121436,-0.048239895697522746,-0.22909090909090912,0.045443786982248505,-0.22909090909090912,0.37738619676945667,0.8571428571428571,1.1893491124260354,0.9079283887468031,0.5668449197860962,0.05056179775280897,-0.04049079754601224,0.04049079754601224,-0.08720672864099151,0.201525,0.06349467,-1944325.0,3134745.0
6.0,0.0509,0.07590000000000001,0.09230000000000001,0.10690000000000001,0.13116929,2.7106105e-06,2.801128e-05,0.049600000000000005,0.0475,0.0449,0.041,0.0847,0.0888,0.0545,0.0568,0.40843214756258234,-0.16958424507658643,-0.04293785310734469,-0.19716088328075712,0.06307966341133836,-0.19716088328075712,0.35487959442332073,0.8634237605238541,1.2160737812911726,0.9131403118040089,0.5731981981981982,0.07832422586520943,-0.0626304801670146,0.0626304801670146,-0.10111495578623603,0.22610000000000005,0.07360206,-1944135.0,3134675.0
6.0,0.0438,0.0673,0.0854,0.09970000000000001,0.10542703,2.2988916e-06,2.7667027e-05,0.0422,0.0396,0.038900000000000004,0.0354,0.0784,0.0815,0.0472,0.049800000000000004,0.4386724386724387,-0.19401197604790427,-0.04273504273504277,-0.21152115211521152,0.05228596208648247,-0.21152115211521152,0.3895470383275262,0.8565697091273821,1.2689450222882617,0.9100257069408739,0.5374233128834356,0.09543010752688176,-0.05925030229746064,0.05925030229746064,-0.11427339370418288,0.21945,0.0699035,-1943975.0,3134525.0
6.0,0.0442,0.06720000000000001,0.0818,0.0954,0.11013555,3.031084e-06,3.2020427e-05,0.0456,0.0334,0.0414,0.0386,0.0689,0.08310000000000001,0.0499,0.0528,0.39473684210526316,-0.17343173431734307,-0.08560053085600527,-0.20646319569120292,0.05192469120997722,-0.20646319569120292,0.3667621776504298,0.8574423480083857,1.2172619047619047,0.9323671497584541,0.5318892900120337,0.10578842315369259,-0.032710280373831814,0.032710280373831814,-0.08714408973252802,0.20154999999999995,0.06546562,-1943865.0,3134275.0
6.0,0.0287,0.0659,0.0878,0.1034,0.095487565,3.4943996e-06,2.6824737e-05,0.0302,0.0268,0.0285,0.0252,0.0717,0.06760000000000001,0.0332,0.0352,0.5678544351781653,-0.22150029533372714,-0.10094043887147337,-0.3932346723044397,0.0076410658307209944,-0.3932346723044397,0.5654806964420893,0.8491295938104448,1.3323216995447649,0.8842105263157894,0.4245562130177514,0.012734082397003797,-0.0034965034965034753,0.0034965034965034753,-0.12235067437379579,0.2668,0.07394896000000002,-1943965.0,3133975.0
6.0,0.0327,0.054900000000000004,0.0756,0.0863,0.09438867,2.9709727e-06,3.159485e-05,0.0335,0.027700000000000002,0.0324,0.0298,0.0627,0.057300000000000004,0.035300000000000005,0.0366,0.4540859309182814,-0.2223796033994334,-0.09327548806941427,-0.2534246575342466,0.03376933719029052,-0.2534246575342466,0.4504201680672269,0.8760139049826188,1.3770491803278688,0.9197530864197532,0.5706806282722513,0.021390374331550794,-0.004608294930875602,0.004608294930875602,-0.12227979274611404,0.20115,0.05343113999999999,-1943875.0,3134155.0
3.0,0.038,0.0703,0.0874,0.1022,0.106057175,3.1930088e-06,2.8187638e-05,0.035300000000000005,0.0309,0.0328,0.029500000000000002,0.0772,0.0723,0.038900000000000004,0.0417,0.514074074074074,-0.18492753623188407,-0.06196840826245443,-0.2982456140350877,0.03070993410418998,-0.2982456140350877,0.4579172610556349,0.8551859099804305,1.2432432432432432,0.899390243902439,0.5255878284923927,0.014025245441795243,-0.07344632768361577,0.07344632768361577,-0.11367673179396097,0.244075,0.07292229000000001,-1943965.0,3134245.0
3.0,0.041,0.0765,0.0951,0.1107,0.09654531,2.602762e-06,2.3592587e-05,0.0396,0.0359,0.0378,0.0339,0.0805,0.0784,0.0431,0.0456,0.4909090909090909,-0.18269230769230774,-0.08314350797266516,-0.3021276595744681,0.033047346679377206,-0.3021276595744681,0.45945945945945954,0.8590785907859079,1.2431372549019608,0.8968253968253969,0.5229591836734694,0.012265978050355062,-0.040609137055837574,0.040609137055837574,-0.10425963488843813,0.262125,0.07694053000000001,-1943995.0,3134435.0
3.0,0.043500000000000004,0.08360000000000001,0.1003,0.1177,0.10462411,2.644217e-06,2.2468728e-05,0.0431,0.0396,0.038400000000000004,0.0344,0.0868,0.0868,0.047400000000000005,0.0509,0.5080076873798846,-0.16939890710382507,-0.07215392838054516,-0.3154996066089693,0.03172100649555402,-0.3154996066089693,0.46029776674937956,0.8521665250637214,1.1997607655502391,0.8958333333333333,0.501152073732719,0.018779342723004664,-0.06227106227106227,0.06227106227106227,-0.0985485103132162,0.2803,0.0860232,-1944035.0,3134475.0
3.0,0.0261,0.061000000000000006,0.0787,0.0931,0.085591234,3.115648e-06,2.7795735e-05,0.0258,0.020200000000000003,0.0244,0.0224,0.0608,0.062400000000000004,0.029,0.0316,0.5846808510638297,-0.20830629461388706,-0.12831541218637996,-0.40068886337543047,0.005300243187628605,-0.40068886337543047,0.5620805369127517,0.845327604726101,1.2901639344262295,0.9180327868852458,0.4182692307692308,0.011345218800648284,-0.033663366336633666,0.033663366336633666,-0.11370882040382572,0.2413,0.06833708000000001,-1943985.0,3133865.0
3.0,0.0279,0.0648,0.08070000000000001,0.0956,0.09148341,3.593558e-06,2.9669221e-05,0.0284,0.0213,0.028300000000000002,0.0252,0.062200000000000005,0.064,0.0313,0.033,0.5431799838579499,-0.19201995012468834,-0.12946116165150454,-0.3980582524271844,0.006100191016082335,-0.3980582524271844,0.548178137651822,0.8441422594142259,1.2453703703703705,0.8904593639575971,0.43593750000000003,-0.006211180124223565,0.0071174377224199475,-0.0071174377224199475,-0.0936555891238671,0.24170000000000003,0.06807159,-1944005.0,3133795.0
3.0,0.028,0.0634,0.0799,0.0949,0.092667155,3.3369213e-06,2.9873096e-05,0.0286,0.0257,0.027700000000000002,0.024800000000000003,0.0722,0.06760000000000001,0.0324,0.0347,0.5481239804241436,-0.19898926089703095,-0.05062458908612753,-0.38730853391684905,0.008156707656182424,-0.38730853391684905,0.5443449959316518,0.8419388830347735,1.2602523659305993,0.8953068592057762,0.4142011834319526,0.03206106870229015,-0.005385996409335694,0.005385996409335694,-0.10045894951555327,0.23979999999999999,0.0704726,-1944015.0,3133775.0
3.0,0.026600000000000002,0.0631,0.08120000000000001,0.0961,0.08313921,3.805682e-06,3.0012887e-05,0.027100000000000003,0.0235,0.027,0.0245,0.0723,0.0623,0.0297,0.0316,0.561332250203087,-0.20728643216080403,-0.057980456026058655,-0.40691192865105913,0.004270283848279327,-0.40691192865105913,0.5664221678891606,0.8449531737773154,1.2868462757527734,0.9074074074074074,0.4269662921348315,-0.0063795853269537645,0.007462686567164134,-0.007462686567164134,-0.10337768679631522,0.24717500000000003,0.06849957,-1944025.0,3133725.0
3.0,0.0245,0.06280000000000001,0.08080000000000001,0.09630000000000001,0.072062545,3.3679603e-06,2.7053517e-05,0.025,0.020200000000000003,0.0244,0.022600000000000002,0.0687,0.060500000000000005,0.027100000000000003,0.029500000000000002,0.5956917978458989,-0.21055939660590822,-0.08093645484949841,-0.43871706758304696,-0.0019489500817301772,-0.43871706758304696,0.5943708609271523,0.8390446521287643,1.286624203821656,0.9262295081967213,0.4049586776859504,-0.018653690186536925,-0.0020449897750511124,0.0020449897750511124,-0.10435238594651285,0.25385,0.0694473,-1944045.0,3133705.0
3.0,0.029,0.0673,0.0878,0.10250000000000001,0.09240542,3.466761e-06,3.0517094e-05,0.0302,0.024300000000000002,0.0304,0.027600000000000003,0.0712,0.0663,0.0324,0.0345,0.5425131677953349,-0.20730270906949358,-0.10440251572327046,-0.39771547248182765,0.006715743251969534,-0.39771547248182765,0.55893536121673,0.8565853658536585,1.3046062407132244,0.9078947368421053,0.43740573152337864,-0.0074850299401197674,0.02356902356902354,-0.02356902356902354,-0.10344827586206898,0.26185,0.07115586999999998,-1944065.0,3133655.0
3.0,0.0263,0.0621,0.0824,0.09630000000000001,0.08013666,3.3492834e-06,3.0320667e-05,0.0245,0.0213,0.0258,0.023200000000000002,0.0737,0.062400000000000004,0.027800000000000002,0.029900000000000003,0.5773955773955773,-0.21590909090909094,-0.05573350416399743,-0.4049773755656108,0.0046740939941093615,-0.4049773755656108,0.5709624796084829,0.8556593977154724,1.326892109500805,0.8992248062015504,0.421474358974359,0.0024096385542168807,-0.009596928982725536,0.009596928982725536,-0.12061855670103094,0.2508,0.06989516,-1944085.0,3133585.0
3.0,0.0238,0.057,0.0767,0.08900000000000001,0.07993922,2.8817801e-06,3.2113327e-05,0.0247,0.0206,0.025900000000000003,0.023100000000000002,0.0702,0.0609,0.0275,0.029,0.5491731940818102,-0.21917808219178084,-0.04424778761061951,-0.41089108910891087,0.00316235532224401,-0.41089108910891087,0.5780141843971631,0.8617977528089887,1.3456140350877193,0.8918918918918919,0.39080459770114945,0.033078880407124686,0.04225352112676058,-0.04225352112676058,-0.11295681063122924,0.23042500000000002,0.06463379,-1944115.0,3133535.0
3.0,0.020300000000000002,0.056900000000000006,0.081,0.0937,0.081091516,2.6126443e-06,3.1516814e-05,0.0222,0.0179,0.023700000000000002,0.0217,0.0674,0.0565,0.0236,0.0258,0.596252129471891,-0.2443559096945551,-0.09164420485175202,-0.47409326424870474,-0.008154335719968183,-0.47409326424870474,0.643859649122807,0.8644610458911419,1.4235500878734622,0.9156118143459915,0.3592920353982301,-0.0035273368606702337,0.07727272727272727,-0.07727272727272727,-0.12618121178432462,0.25467500000000004,0.06576823,-1944125.0,3133515.0
3.0,0.0329,0.0685,0.0776,0.09050000000000001,0.10639436,4.799646e-06,3.4369274e-05,0.0345,0.030500000000000003,0.0325,0.030000000000000002,0.0698,0.0697,0.0371,0.039900000000000005,0.4715447154471545,-0.13836477987421383,-0.05291723202170964,-0.35108481262327423,0.015953126812855305,-0.35108481262327423,0.46677471636953005,0.8574585635359115,1.1328467153284671,0.9230769230769231,0.4720229555236729,0.008683068017366085,-0.006116207951070299,0.006116207951070299,-0.05741626794258371,0.21325000000000008,0.06601658,-1944515.0,3132735.0
3.0,0.037200000000000004,0.07300000000000001,0.0813,0.0949,0.10942558,2.9031455e-06,2.7259304e-05,0.0402,0.0347,0.0367,0.0335,0.0751,0.0741,0.0422,0.0454,0.4422492401215805,-0.1304347826086956,-0.039641943734015334,-0.3248638838475499,0.0231093650701947,-0.3248638838475499,0.4367903103709311,0.8566912539515279,1.1136986301369862,0.9128065395095367,0.5020242914979758,0.007477906186267776,-0.006765899864682008,0.006765899864682008,-0.053333333333333253,0.216075,0.06770328,-1944555.0,3132635.0
5.0,0.057800000000000004,0.08560000000000001,0.0876,0.10160000000000001,0.13273232,4.832041e-06,2.326043e-05,0.056600000000000004,0.0714,0.0392,0.0318,0.0675,0.0883,0.0592,0.0637,0.44318181818181823,-0.08547008547008546,-0.12959381044487422,-0.19386331938633194,0.064413823272091,-0.19386331938633194,0.27478042659974905,0.8622047244094487,1.0233644859813082,0.8112244897959184,0.6545866364665912,0.015526164462334641,-0.19175257731958767,0.19175257731958767,-0.10654490106544899,0.20405,0.07966418,-1944655.0,3132575.0
5.0,0.0375,0.08220000000000001,0.0954,0.11420000000000001,0.11190112,3.828576e-06,2.7516233e-05,0.0359,0.0253,0.0279,0.026500000000000003,0.0815,0.0838,0.0422,0.0459,0.6073187895847996,-0.16293279022403256,-0.07857546636517804,-0.37343358395989984,0.014168302257114806,-0.37343358395989984,0.5056031641397496,0.8353765323992994,1.1605839416058392,0.949820788530466,0.4474940334128878,0.009638554216867412,-0.14678899082568803,0.14678899082568803,-0.10016556291390716,0.28942500000000004,0.09147466000000003,-1944365.0,3133105.0
5.0,0.0381,0.0834,0.09670000000000001,0.11420000000000001,0.12024703,3.0078231e-06,2.8428209e-05,0.0379,0.0298,0.032,0.029400000000000003,0.08650000000000001,0.0876,0.0443,0.0475,0.5622435020519837,-0.1558704453441296,-0.055676855895196505,-0.3728395061728395,0.01457116507838918,-0.3728395061728395,0.4996717005909389,0.8467600700525394,1.1594724220623502,0.9187500000000001,0.4349315068493151,0.024561403508771906,-0.08701854493580602,0.08701854493580602,-0.08885298869143776,0.28440000000000004,0.09102682000000001,-1944355.0,3133005.0
5.0,0.027800000000000002,0.0775,0.0954,0.1121,0.08924321,3.003022e-06,2.72693e-05,0.026500000000000003,0.0201,0.0246,0.0218,0.0818,0.0747,0.0322,0.0351,0.640087783467447,-0.1824894514767933,-0.07674943566591423,-0.4719848053181386,-0.010292036536729698,-0.4719848053181386,0.6025732666190136,0.8510258697591435,1.2309677419354839,0.8861788617886178,0.37215528781793844,-0.018396846254927705,-0.06106870229007636,0.06106870229007636,-0.10741573033707867,0.3025,0.08933437999999999,-1944265.0,3133375.0
6.0,0.0438,0.0742,0.085,0.09860000000000001,0.1318932,3.6575466e-06,3.171256e-05,0.0424,0.040400000000000005,0.037200000000000004,0.0332,0.0707,0.0763,0.0451,0.0489,0.4521354933726068,-0.14120370370370372,-0.09184328837508032,-0.25762711864406784,0.04145625366999413,-0.25762711864406784,0.38483146067415736,0.8620689655172413,1.1455525606469004,0.8924731182795698,0.5740498034076015,0.013953488372093053,-0.08148148148148142,0.08148148148148142,-0.09060118543607114,0.21830000000000002,0.07001699000000002,-1944555.0,3131855.0
6.0,0.041100000000000005,0.0703,0.0806,0.0954,0.12501135,3.1031607e-06,3.4114844e-05,0.0422,0.033800000000000004,0.0376,0.0334,0.06470000000000001,0.0772,0.0459,0.048400000000000006,0.43458646616541347,-0.15147857573928783,-0.10942876806607017,-0.26211849192100534,0.037802889095992546,-0.26211849192100534,0.3978021978021977,0.8448637316561846,1.1465149359886202,0.8882978723404255,0.5323834196891192,0.04677966101694917,-0.04447268106734438,0.04447268106734438,-0.0798580301685892,0.20939999999999998,0.06749051,-1944585.0,3131795.0
6.0,0.0488,0.0755,0.08600000000000001,0.0999,0.13302739,3.0884564e-06,3.5690435e-05,0.0489,0.052500000000000005,0.042800000000000005,0.0378,0.0708,0.07830000000000001,0.0509,0.054700000000000006,0.40014015416958654,-0.13911060433295327,-0.09693877551020412,-0.2148028962188254,0.05427170868347341,-0.2148028962188254,0.34364492266308,0.8608608608608609,1.1390728476821192,0.8831775700934579,0.6232439335887612,0.01820546163849162,-0.06550218340611351,0.06550218340611351,-0.08665860540104799,0.20779999999999998,0.06662113000000003,-1944685.0,3131615.0
6.0,0.037000000000000005,0.0664,0.0777,0.0922,0.09483696,2.4289368e-06,3.3315067e-05,0.0383,0.042300000000000004,0.0346,0.0307,0.0648,0.0697,0.040400000000000005,0.0437,0.4542586750788644,-0.1626733921815889,-0.09052631578947373,-0.2843326885880077,0.030610449774233287,-0.2843326885880077,0.4272445820433436,0.8427331887201736,1.1701807228915664,0.8872832369942197,0.5308464849354376,0.024246877296105786,-0.03351955307262579,0.03351955307262579,-0.08309726156751654,0.20847500000000002,0.06388735000000001,-1944745.0,3131495.0
6.0,0.044000000000000004,0.0737,0.08660000000000001,0.1022,0.116437525,2.7564108e-06,2.5799161e-05,0.0463,0.10360000000000001,0.0386,0.0334,0.067,0.0824,0.049,0.053200000000000004,0.45170454545454536,-0.16202387720295622,-0.12760416666666669,-0.2523364485981308,0.04338472570813914,-0.2523364485981308,0.3980848153214774,0.8473581213307242,1.1750339213025782,0.8652849740932642,0.5339805825242719,0.05573350416399743,-0.06537530266343827,0.06537530266343827,-0.0988641144299538,0.22655,0.07337427,-1944845.0,3131315.0
3.0,0.0263,0.0688,0.0862,0.10160000000000001,0.077117,3.4086197e-06,2.3085064e-05,0.0236,0.0198,0.0173,0.016300000000000002,0.06760000000000001,0.064,0.029900000000000003,0.0328,0.7089991589571069,-0.19248826291079818,-0.12093628088426524,-0.44689800210304936,-0.003848094877617963,-0.44689800210304936,0.5887412040656763,0.8484251968503936,1.252906976744186,0.9421965317919077,0.4109375,-0.036144578313253004,-0.20642201834862386,0.20642201834862386,-0.138663967611336,0.278875,0.08214068000000001,-1949925.0,3126985.0
3.0,0.0247,0.0714,0.092,0.1085,0.07189824,3.197813e-06,2.2729462e-05,0.021500000000000002,0.0177,0.0154,0.0149,0.0656,0.06420000000000001,0.0279,0.030500000000000003,0.7514124293785311,-0.2062256809338521,-0.1675126903553299,-0.485952133194589,-0.012645786921766485,-0.485952133194589,0.6291291291291292,0.847926267281106,1.2885154061624648,0.9675324675324675,0.38473520249221177,-0.05309734513274335,-0.23192019950124687,0.23192019950124687,-0.14975369458128077,0.30682499999999996,0.08734096000000001,-1949695.0,3127055.0
3.0,0.0256,0.052000000000000005,0.064,0.0757,0.0769124,3.3317028e-06,2.97444e-05,0.0241,0.0222,0.0179,0.0173,0.0526,0.0562,0.028900000000000002,0.0316,0.6175213675213675,-0.18559122944400938,-0.09777015437392796,-0.3402061855670103,0.01399253731343283,-0.3402061855670103,0.49457058242843044,0.845442536327609,1.2307692307692306,0.9664804469273743,0.4555160142348755,0.03881700554528646,-0.17701149425287363,0.17701149425287363,-0.1277533039647577,0.19232499999999997,0.06064376000000001,-1949515.0,3126985.0
3.0,0.0292,0.061900000000000004,0.075,0.0883,0.07899166,3.1106829e-06,2.6699054e-05,0.0261,0.0211,0.0187,0.0176,0.0577,0.061000000000000006,0.0328,0.0354,0.6504672897196261,-0.17576564580559254,-0.13036925395629237,-0.3589462129527992,0.013244242930437885,-0.3589462129527992,0.5029787234042553,0.8493771234428086,1.2116316639741518,0.9411764705882353,0.4786885245901639,-0.007323026851098437,-0.21920668058455114,0.21920668058455114,-0.13445835601524225,0.2283,0.07106002000000002,-1949705.0,3126775.0
3.0,0.0302,0.0579,0.0702,0.08220000000000001,0.0716054,3.8782537e-06,2.4428728e-05,0.028,0.0207,0.019,0.018500000000000003,0.069,0.060200000000000004,0.0337,0.0367,0.6245059288537549,-0.17344753747323347,-0.008620689655172362,-0.31441543700340524,0.02067912113735166,-0.31441543700340524,0.4626334519572954,0.8540145985401458,1.2124352331606216,0.9736842105263159,0.5016611295681063,0.0194750211685013,-0.22764227642276424,0.22764227642276424,-0.13574660633484167,0.20652500000000001,0.06693136000000001,-1949845.0,3127375.0
3.0,0.029500000000000002,0.0592,0.0695,0.0818,0.07092914,3.446117e-06,2.5926489e-05,0.0269,0.0216,0.0189,0.0176,0.0543,0.0563,0.0322,0.0347,0.6246276067527309,-0.16028368794326237,-0.12277867528271409,-0.33483652762119503,0.01685100469048585,-0.33483652762119503,0.4699011680143756,0.8496332518337409,1.1739864864864866,0.9312169312169313,0.5239786856127886,-0.025108225108225104,-0.21900826446280997,0.21900826446280997,-0.12627986348122863,0.20580000000000004,0.06465433,-1950145.0,3126935.0
3.0,0.0333,0.0587,0.0683,0.0795,0.09249608,4.945132e-06,3.0995005e-05,0.0327,0.0245,0.0212,0.020300000000000002,0.0649,0.0646,0.0383,0.0417,0.5789473684210527,-0.15050651230101303,-0.02552552552552553,-0.27608695652173915,0.02811336959633553,-0.27608695652173915,0.40957446808510634,0.8591194968553459,1.1635434412265757,0.9575471698113208,0.5154798761609908,0.04785077047850772,-0.22201834862385325,0.22201834862385325,-0.12513842746400886,0.190375,0.06605064000000001,-1950335.0,3127005.0
3.0,0.031,0.0625,0.076,0.091,0.07749744,4.217386e-06,2.3901348e-05,0.0275,0.0205,0.0181,0.0171,0.056100000000000004,0.06430000000000001,0.033600000000000005,0.037000000000000005,0.6681943171402382,-0.18566775244299674,-0.15064345193035575,-0.33689839572192515,0.017942583732057413,-0.33689839572192515,0.4918032786885246,0.8351648351648352,1.216,0.9447513812154695,0.48211508553654736,0.014195583596214586,-0.2627291242362525,0.2627291242362525,-0.14683815648445872,0.23412499999999997,0.07407276000000002,-1949825.0,3127675.0
3.0,0.025900000000000003,0.0443,0.0522,0.06380000000000001,0.06257215,4.1548074e-06,2.670749e-05,0.0236,0.0155,0.0162,0.015700000000000002,0.053700000000000005,0.052500000000000005,0.0292,0.031200000000000002,0.595,-0.18038852913968556,0.01416430594900851,-0.26210826210826205,0.02271717396134193,-0.26210826210826205,0.4225195094760312,0.8181818181818181,1.1783295711060948,0.969135802469136,0.49333333333333335,0.08471074380165296,-0.23040380047505948,0.23040380047505948,-0.1310644460535844,0.15247500000000003,0.053124280000000024,-1949605.0,3127625.0
3.0,0.0251,0.06520000000000001,0.08710000000000001,0.1043,0.07839538,3.7836878e-06,2.2562184e-05,0.024300000000000002,0.0228,0.020200000000000003,0.019200000000000002,0.0656,0.059800000000000006,0.0281,0.030100000000000002,0.6755020080321286,-0.23067846607669612,-0.14079895219384417,-0.44407530454042093,-0.003210798768101707,-0.44407530454042093,0.6120556414219475,0.8350910834132311,1.3358895705521472,0.9504950495049505,0.4197324414715719,-0.043200000000000016,-0.10816777041942599,0.10816777041942599,-0.1414038657171923,0.28470000000000006,0.07651172999999999,-1949215.0,3127495.0
3.0,0.0229,0.0592,0.0826,0.09620000000000001,0.07363766,2.8769969e-06,2.2642638e-05,0.0217,0.0194,0.018600000000000002,0.0172,0.0631,0.0553,0.0257,0.0275,0.6759581881533101,-0.2380952380952381,-0.13383665065202474,-0.4421437271619975,-0.002570524650672292,-0.4421437271619975,0.6154492023509656,0.8586278586278586,1.3952702702702704,0.9247311827956989,0.4141048824593128,-0.034061135371179045,-0.10361445783132525,0.10361445783132525,-0.15997800989554709,0.26515000000000005,0.07122233000000001,-1949095.0,3127585.0
3.0,0.024300000000000002,0.0495,0.0651,0.0776,0.06936031,3.7909924e-06,2.6770063e-05,0.0223,0.0219,0.0193,0.018000000000000002,0.0585,0.051000000000000004,0.025900000000000003,0.0273,0.6016511867905058,-0.22108575924468923,-0.05339805825242719,-0.3414634146341463,0.013504591561130787,-0.3414634146341463,0.5230618253189401,0.8389175257731959,1.3151515151515152,0.9326424870466322,0.47647058823529415,0.01492537313432837,-0.11467889908256883,0.11467889908256883,-0.13957934990439771,0.1982,0.057171780000000026,-1948885.0,3127485.0
1.0,0.1761,0.21450000000000002,0.17170000000000002,0.2156,0.2964194,2.7914136e-06,2.1374233e-05,0.1552,0.07390000000000001,0.10540000000000001,0.07250000000000001,0.09040000000000001,0.20900000000000002,0.1593,0.16820000000000002,0.3433021806853583,-0.0025575447570332244,-0.3101869515452118,-0.09831029185867898,0.1920704471008636,-0.09831029185867898,0.10084248149093694,0.7963821892393321,0.8004662004662004,0.6878557874762808,0.8425837320574162,-0.012987012987012997,-0.2511545293072824,0.2511545293072824,-0.09577819785759288,0.3065750000000001,0.16882743000000008,-1949095.0,3128175.0
1.0,0.2321,0.0741,0.057,0.0784,0.07637386,4.3627918e-07,6.591208e-06,0.23500000000000001,0.08950000000000001,0.18710000000000002,0.1247,0.0685,0.1308,0.1937,0.21430000000000002,-0.4094161958568739,-0.0281967213114754,0.0916334661354582,0.5160026126714565,0.40517931476144736,0.5160026126714565,-0.49500805152979066,0.7270408163265306,0.7692307692307693,0.6664885088188134,1.7744648318042813,0.2767203513909224,-0.10734732824427477,0.10734732824427477,-0.18507890961262558,-0.34462500000000007,-0.044463559999999985,-1949075.0,3128325.0
1.0,0.0998,0.0932,0.08270000000000001,0.10300000000000001,0.16200744,1.9672452e-06,2.3153121e-05,0.084,0.0524,0.0606,0.0458,0.0771,0.1058,0.0854,0.08940000000000001,0.25916870415647925,-0.04994903160040776,-0.03504380475594498,0.034196891191709815,0.1504693140794224,0.034196891191709815,0.015779092702169668,0.8029126213592234,0.8873390557939914,0.7557755775577558,0.9432892249527409,0.06331658291457286,-0.24438902743142146,0.24438902743142146,-0.13530326594090197,0.11105000000000001,0.07147574000000001,-1949135.0,3128305.0
1.0,0.1259,0.0891,0.0729,0.0892,0.1408114,1.040414e-06,2.0526608e-05,0.1192,0.1076,0.09050000000000001,0.0659,0.0675,0.11510000000000001,0.1131,0.11850000000000001,-0.00723427935447974,-0.0005608524957936223,-0.03846153846153847,0.17116279069767446,0.2026038159371493,0.17116279069767446,-0.17061831706183175,0.8172645739910315,0.8181818181818182,0.7281767955801104,1.0938314509122502,0.1273261508325172,-0.16358595194085027,0.16358595194085027,-0.12379875635952525,-0.012225000000000041,0.04271850999999997,-1949115.0,3128235.0
5.0,0.049,0.0884,0.1028,0.1212,0.11946649,5.32805e-06,2.606779e-05,0.047400000000000005,0.0302,0.0218,0.0196,0.0857,0.0922,0.054,0.0575,0.695104895104895,-0.1564885496183206,-0.0907161803713528,-0.2867540029112081,0.04218208807521028,-0.2867540029112081,0.4242068155111633,0.8481848184818482,1.1628959276018098,0.8990825688073394,0.5314533622559653,0.02104097452934661,-0.384180790960452,0.384180790960452,-0.16859122401847565,0.3045,0.1065089,-1949335.0,3127905.0
5.0,0.0211,0.064,0.0912,0.1085,0.07986618,2.967143e-06,2.4127485e-05,0.0199,0.017400000000000002,0.015700000000000002,0.0152,0.0646,0.059300000000000005,0.0236,0.025500000000000002,0.7471819645732688,-0.2579710144927536,-0.17073170731707316,-0.5041128084606346,-0.015601164886978222,-0.5041128084606346,0.6743827160493828,0.8405529953917051,1.425,0.9681528662420381,0.35581787521079256,-0.03811841038118407,-0.14673913043478257,0.14673913043478257,-0.172845953002611,0.31105,0.08193293,-1948865.0,3127735.0
5.0,0.0425,0.07830000000000001,0.0915,0.1095,0.11020394,4.9693554e-06,2.4957359e-05,0.0381,0.029500000000000002,0.0217,0.0198,0.0785,0.08020000000000001,0.0454,0.0489,0.6692073170731707,-0.16613418530351431,-0.07647058823529411,-0.29635761589403975,0.033835724229768174,-0.29635761589403975,0.44078947368421056,0.8356164383561644,1.168582375478927,0.9124423963133641,0.529925187032419,0.011987381703470022,-0.32398753894080995,0.32398753894080995,-0.15467470917707885,0.2738999999999999,0.09233461000000001,-1949325.0,3127725.0
5.0,0.0362,0.07690000000000001,0.0926,0.1087,0.09336206,2.8174043e-06,2.8031769e-05,0.031,0.0264,0.0218,0.02,0.0723,0.07400000000000001,0.038400000000000004,0.0415,0.6659003831417625,-0.17133620689655168,-0.12310491206791994,-0.3598585322723254,0.016934379280288882,-0.3598585322723254,0.500345065562457,0.8518859245630175,1.2041612483745123,0.9174311926605505,0.4891891891891892,-0.01921802518223989,-0.24827586206896557,0.24827586206896557,-0.14133805937084618,0.28235,0.08852672000000002,-1950035.0,3127825.0
5.0,0.031900000000000005,0.0761,0.09190000000000001,0.10790000000000001,0.08936338,3.8434205e-06,2.2809701e-05,0.0284,0.0233,0.0196,0.0176,0.0726,0.0702,0.0349,0.038200000000000005,0.6925490196078432,-0.1728260869565218,-0.1173252279635259,-0.40925925925925916,0.004566781357522695,-0.40925925925925916,0.5436337625178828,0.8517145505097312,1.2076215505913273,0.8979591836734695,0.4544159544159545,-0.04032809295967193,-0.23883495145631076,0.23883495145631076,-0.1383908045977012,0.2888,0.08843580999999999,-1950275.0,3127355.0
5.0,0.0412,0.0767,0.0878,0.10070000000000001,0.100842796,3.2881974e-06,2.8209002e-05,0.0378,0.027800000000000002,0.0234,0.0213,0.0738,0.0748,0.044500000000000005,0.048,0.6228847703464947,-0.1352874859075536,-0.08663366336633661,-0.3011026293469042,0.031201803298137383,-0.3011026293469042,0.4193093727977449,0.871896722939424,1.1447196870925684,0.9102564102564102,0.5508021390374331,-0.012541254125412533,-0.27554179566563464,0.27554179566563464,-0.13656387665198239,0.247975,0.08420385000000002,-1950455.0,3127795.0
5.0,0.0413,0.0742,0.08320000000000001,0.0945,0.10163424,3.312522e-06,3.0527535e-05,0.0385,0.029500000000000002,0.022600000000000002,0.020800000000000003,0.06910000000000001,0.0716,0.0443,0.047400000000000005,0.6140051238257898,-0.12033195020746885,-0.09258043335521995,-0.28484848484848485,0.03368115942028987,-0.28484848484848485,0.3917525773195876,0.8804232804232806,1.1212938005390836,0.9203539823008849,0.5768156424581006,-0.01783264746227713,-0.2926447574334898,0.2926447574334898,-0.1343963553530752,0.2288,0.07954684,-1950565.0,3127375.0
5.0,0.033600000000000005,0.0751,0.08990000000000001,0.10500000000000001,0.08678124,3.2483367e-06,2.1211974e-05,0.0316,0.028,0.0216,0.0206,0.0756,0.0716,0.038,0.0413,0.6587677725118483,-0.16601887840088844,-0.08640483383685804,-0.3817847286108555,0.010988332613124291,-0.3817847286108555,0.5151515151515151,0.8561904761904762,1.197070572569907,0.9537037037037037,0.46927374301675984,-0.023858214042263143,-0.21739130434782614,0.21739130434782614,-0.1268248175182482,0.27475000000000005,0.08533056,-1950105.0,3127215.0
5.0,0.031200000000000002,0.068,0.081,0.09680000000000001,0.08872944,2.9450357e-06,2.4958537e-05,0.029500000000000002,0.023,0.0188,0.0183,0.06960000000000001,0.0682,0.0357,0.0392,0.6747404844290659,-0.1747572815533981,-0.07569721115537843,-0.3709677419354838,0.012023566189731869,-0.3709677419354838,0.5125000000000001,0.8367768595041322,1.1911764705882353,0.9734042553191489,0.4574780058651027,0.0014684287812040519,-0.24800000000000003,0.24800000000000003,-0.13047858942065493,0.252575,0.0800462,-1950065.0,3127555.0
6.0,0.029500000000000002,0.0456,0.0585,0.0697,0.088326186,3.3311544e-06,3.280733e-05,0.0307,0.026600000000000002,0.0252,0.0241,0.0507,0.0543,0.0335,0.0354,0.46891464699683877,-0.20901994796183865,-0.07142857142857144,-0.21438082556591212,0.032567825533638003,-0.21438082556591212,0.405241935483871,0.8393113342898135,1.2828947368421053,0.9563492063492064,0.5432780847145489,0.08708708708708708,-0.07861060329067646,0.07861060329067646,-0.11604311984781236,0.156725,0.04774521000000002,-1948855.0,3126855.0
6.0,0.0335,0.0517,0.0658,0.0762,0.09750266,3.777629e-06,3.4283945e-05,0.0324,0.030100000000000002,0.0285,0.0264,0.061000000000000006,0.055,0.0351,0.0363,0.4555873925501433,-0.1915559030492572,-0.0378548895899053,-0.2136150234741784,0.03769701246765467,-0.2136150234741784,0.3892433910665451,0.863517060367454,1.2727272727272727,0.9263157894736842,0.6090909090909091,0.030927835051546365,-0.08064516129032259,0.08064516129032259,-0.11950394588500561,0.16989999999999997,0.05050609,-1948995.0,3126975.0
6.0,0.030100000000000002,0.05,0.0665,0.07680000000000001,0.08947599,3.374368e-06,3.445361e-05,0.028900000000000002,0.0287,0.026500000000000003,0.0239,0.058100000000000006,0.0545,0.0322,0.033100000000000004,0.4869312681510165,-0.2113564668769716,-0.06741573033707862,-0.2484394506866417,0.030372286040777057,-0.2484394506866417,0.4368568755846586,0.8658854166666666,1.33,0.9018867924528301,0.5522935779816515,0.04306220095693777,-0.06360424028268549,0.06360424028268549,-0.13313782991202344,0.17957499999999998,0.05236900999999999,-1949165.0,3127095.0
6.0,0.024,0.0494,0.06910000000000001,0.0821,0.076004654,3.586319e-06,2.8920971e-05,0.0258,0.0257,0.0223,0.021500000000000002,0.0521,0.0492,0.027600000000000003,0.029,0.5727969348659004,-0.2486692015209126,-0.14026402640264032,-0.3460490463215259,0.013214486068690395,-0.3460490463215259,0.5475966069745524,0.8416565164433618,1.3987854251012148,0.9641255605381166,0.4878048780487805,-0.0020283975659229087,-0.0367170626349892,0.0367170626349892,-0.13536585365853662,0.21027500000000005,0.05417237999999999,-1948945.0,3126775.0
6.0,0.0273,0.048600000000000004,0.0629,0.07350000000000001,0.08412543,3.8088172e-06,2.8776276e-05,0.028,0.031200000000000002,0.025,0.0241,0.0514,0.0528,0.0307,0.0322,0.49238578680203055,-0.20393120393120395,-0.10061242344706908,-0.28063241106719367,0.02319541993743729,-0.28063241106719367,0.4583333333333333,0.8557823129251699,1.2942386831275718,0.964,0.5170454545454546,0.04142011834319522,-0.04397705544933078,0.04397705544933078,-0.1074278698588091,0.17422500000000005,0.04983157000000001,-1948875.0,3126555.0
6.0,0.036000000000000004,0.054400000000000004,0.0682,0.0794,0.099336974,4.1044027e-06,3.3586577e-05,0.035300000000000005,0.040400000000000005,0.031,0.028800000000000003,0.059300000000000005,0.060000000000000005,0.038400000000000004,0.0398,0.4384057971014493,-0.18684603886397605,-0.06980392156862739,-0.20353982300884954,0.04183805382536138,-0.20353982300884954,0.3760831889081455,0.8589420654911839,1.253676470588235,0.9290322580645162,0.6,0.04895104895104896,-0.07462686567164185,0.07462686567164185,-0.11205976520811094,0.1734,0.05258264000000002,-1948725.0,3126595.0
6.0,0.029500000000000002,0.0492,0.0625,0.0733,0.08401367,3.3863842e-06,3.1560463e-05,0.028,0.029400000000000003,0.0246,0.023200000000000002,0.053000000000000005,0.054700000000000006,0.0315,0.032600000000000004,0.4974463738508683,-0.19673469387755105,-0.0822510822510822,-0.25031766200762384,0.028681581868099784,-0.25031766200762384,0.4260700389105059,0.8526603001364256,1.2703252032520325,0.943089430894309,0.5393053016453382,0.05293551491819061,-0.09057301293900187,0.09057301293900187,-0.11922141119221408,0.17040000000000002,0.05161337,-1948625.0,3126705.0
6.0,0.0385,0.054,0.0699,0.0785,0.10195792,4.184979e-06,3.4557248e-05,0.035300000000000005,0.0402,0.0328,0.0327,0.0592,0.055600000000000004,0.038200000000000005,0.0391,0.41060197663971243,-0.18490566037735848,-0.08288148721920993,-0.16756756756756758,0.05040262451535939,-0.16756756756756758,0.3418803418803419,0.8904458598726115,1.2944444444444445,0.996951219512195,0.6924460431654675,0.01459854014598544,-0.07994389901823278,0.07994389901823278,-0.11122501281394155,0.167375,0.04696052000000001,-1948995.0,3126575.0
7.0,0.0342,0.0371,0.0587,0.0492,0.10169906,2.8343736e-06,4.7077465e-05,0.0371,0.0419,0.0344,0.0324,0.057300000000000004,0.038700000000000005,0.0374,0.038,0.1770334928229665,-0.14020857473928158,-0.012068965517241365,-0.04067321178120617,0.059273773804421045,-0.04067321178120617,0.17985611510791366,1.193089430894309,1.582210242587601,0.941860465116279,0.883720930232558,0.02110817941952512,0.0029154518950437144,-0.0029154518950437144,-0.14408866995073893,0.0869,0.02247699000000001,-1948445.0,3126925.0
7.0,0.037000000000000005,0.04,0.0606,0.0511,0.10793762,3.1802595e-06,4.621988e-05,0.0392,0.04,0.037200000000000004,0.0346,0.058600000000000006,0.041100000000000005,0.039900000000000005,0.0403,0.15741789354473382,-0.12184412733260153,-0.01677852348993284,-0.0389610389610389,0.06382978723404256,-0.0389610389610389,0.16004540295119174,1.1859099804305284,1.515,0.9301075268817203,0.9002433090024331,0.01356350184956848,0.0026954177897573956,-0.0026954177897573956,-0.13356562137049943,0.0857,0.022969220000000002,-1948085.0,3126795.0
7.0,0.0327,0.035500000000000004,0.0553,0.0471,0.09801382,3.523457e-06,4.3465694e-05,0.0342,0.038,0.0317,0.0296,0.0519,0.0362,0.0352,0.0357,0.1954314720812183,-0.14043583535108956,-0.03171641791044776,-0.04105571847507337,0.055659185269871826,-0.04105571847507337,0.1804511278195489,1.1740976645435244,1.5577464788732394,0.9337539432176657,0.9033149171270718,0.009762900976290085,-0.01552795031055902,0.01552795031055902,-0.1495754408883082,0.08385000000000002,0.02214772000000001,-1948055.0,3126185.0
6.0,0.0335,0.0558,0.0671,0.0795,0.09811938,4.518634e-06,3.2257456e-05,0.0337,0.0351,0.027700000000000002,0.027100000000000003,0.0546,0.0611,0.0369,0.0393,0.4832089552238806,-0.1751662971175166,-0.10271158586688582,-0.24972004479283313,0.03231027108259639,-0.24972004479283313,0.4070796460176991,0.8440251572327044,1.2025089605734767,0.9783393501805054,0.5482815057283142,0.04533789563729683,-0.09477124183006534,0.09477124183006534,-0.09645776566757497,0.180825,0.05567811000000002,-1948295.0,3126015.0
6.0,0.0286,0.043300000000000005,0.0565,0.0659,0.08457016,4.3201176e-06,2.9509085e-05,0.031100000000000003,0.0274,0.0233,0.023,0.046900000000000004,0.054400000000000004,0.0339,0.0359,0.47757847533632286,-0.20695970695970692,-0.09284332688588005,-0.2044506258692629,0.03261435262823108,-0.2044506258692629,0.39470899470899473,0.8573596358118362,1.3048498845265588,0.9871244635193133,0.5257352941176471,0.11361310133060387,-0.10211946050096338,0.10211946050096338,-0.12417437252311764,0.14915,0.04696811000000002,-1948515.0,3126065.0
6.0,0.023100000000000002,0.0352,0.053000000000000005,0.060500000000000005,0.065926366,3.320226e-06,2.7970313e-05,0.024,0.028200000000000003,0.0213,0.0204,0.0482,0.037200000000000004,0.0253,0.0262,0.4792176039119804,-0.26436781609195403,-0.047430830039525744,-0.20754716981132074,0.026947896749522,-0.20754716981132074,0.4473684210526316,0.8760330578512396,1.5056818181818183,0.9577464788732395,0.6209677419354839,0.027624309392265217,-0.040540540540540605,0.040540540540540605,-0.15565679574791189,0.14275000000000004,0.03599306000000001,-1948705.0,3126075.0
6.0,0.026500000000000003,0.048,0.0608,0.0726,0.072598,3.5028695e-06,2.8529405e-05,0.026000000000000002,0.0262,0.0205,0.020200000000000003,0.0489,0.0565,0.0296,0.0316,0.5596133190118152,-0.20398009950248755,-0.10847766636280767,-0.28859060402684555,0.021258008153756554,-0.28859060402684555,0.46518668012108977,0.837465564738292,1.2666666666666666,0.9853658536585367,0.4690265486725664,0.08133971291866028,-0.12765957446808515,0.12765957446808515,-0.12282958199356905,0.17684999999999998,0.05510746,-1948925.0,3126135.0
6.0,0.024200000000000003,0.0379,0.0521,0.060000000000000005,0.06909985,3.040543e-06,2.982319e-05,0.024200000000000003,0.0279,0.0205,0.0201,0.0536,0.0364,0.0253,0.0267,0.4906832298136647,-0.22574055158324818,0.014191106906338707,-0.22061191626409019,0.026253121914386942,-0.22061191626409019,0.42517814726840847,0.8683333333333333,1.3746701846965699,0.9804878048780488,0.6648351648351649,-0.020188425302826395,-0.08277404921700228,0.08277404921700228,-0.13626209977661954,0.14007500000000003,0.036863730000000004,-1949215.0,3126225.0
3.0,0.026000000000000002,0.0426,0.052500000000000005,0.0618,0.068978086,3.829294e-06,2.528842e-05,0.025400000000000002,0.0263,0.019200000000000002,0.018500000000000003,0.0558,0.0505,0.0296,0.031900000000000005,0.5259259259259259,-0.18390804597701152,0.030470914127423795,-0.24198250728862972,0.02522948696288788,-0.24198250728862972,0.40774487471526194,0.8495145631067962,1.2323943661971832,0.9635416666666667,0.5148514851485149,0.08485499462943076,-0.15044247787610618,0.15044247787610618,-0.12464183381088834,0.14382500000000004,0.04817046,-1949495.0,3125975.0
3.0,0.0284,0.0543,0.0679,0.0821,0.08187108,3.434339e-06,2.5450363e-05,0.0281,0.028900000000000002,0.0227,0.0218,0.057600000000000005,0.0623,0.0329,0.0352,0.566793893129771,-0.20381231671554254,-0.08207171314741034,-0.313180169286578,0.01976448310550921,-0.313180169286578,0.485972850678733,0.8270401948842874,1.2504604051565378,0.9603524229074889,0.45585874799357945,0.0686106346483705,-0.11154598825831702,0.11154598825831702,-0.11716937354988397,0.20195,0.06252341,-1949275.0,3125945.0
3.0,0.0279,0.0592,0.0743,0.09040000000000001,0.08551298,3.3089577e-06,2.4484867e-05,0.0253,0.0267,0.020200000000000003,0.0196,0.0597,0.06470000000000001,0.0304,0.0333,0.6347197106690778,-0.20855614973262035,-0.10895522388059702,-0.3593570608495981,0.012774716958285408,-0.3593570608495981,0.5283178360101436,0.8219026548672567,1.2550675675675675,0.9702970297029702,0.43122102009273566,0.04439063761097663,-0.16008316008316004,0.16008316008316004,-0.12928176795580112,0.23305,0.07096523000000002,-1949045.0,3125995.0
3.0,0.0233,0.0432,0.0557,0.0679,0.06807585,3.65794e-06,2.9383778e-05,0.0223,0.027600000000000003,0.019,0.0187,0.0568,0.049600000000000005,0.025500000000000002,0.027800000000000002,0.5627157652474107,-0.2223222322232223,0.00977777777777781,-0.2992481203007519,0.017403873952009253,-0.2992481203007519,0.4890350877192982,0.8203240058910162,1.2893518518518519,0.9842105263157895,0.469758064516129,0.06896551724137934,-0.10165484633569744,0.10165484633569744,-0.12136266855926187,0.16667500000000002,0.05014188000000002,-1948655.0,3125915.0
5.0,0.029,0.0703,0.0902,0.10830000000000001,0.09652496,3.0864476e-06,2.6095437e-05,0.0264,0.0285,0.021400000000000002,0.0216,0.0668,0.0699,0.0324,0.035,0.6700077101002313,-0.21276595744680854,-0.14904458598726117,-0.4159113796576033,0.002841275991217884,-0.4159113796576033,0.5775673707210488,0.8328716528162511,1.2830725462304409,1.0093457943925233,0.41487839771101576,-0.002853067047075589,-0.15079365079365079,0.15079365079365079,-0.12932259592610132,0.29075000000000006,0.08319444000000001,-1948925.0,3126025.0
5.0,0.0227,0.061200000000000004,0.08950000000000001,0.10450000000000001,0.07839298,2.8473673e-06,2.5244211e-05,0.0229,0.0244,0.020300000000000002,0.020300000000000002,0.0678,0.0536,0.0251,0.0273,0.6746794871794872,-0.2613156306578153,-0.1379529561347744,-0.45887961859356385,-0.006192165866555351,-0.45887961859356385,0.6430817610062893,0.8564593301435407,1.462418300653595,1.0,0.4235074626865672,-0.0662020905923345,-0.05581395348837207,0.05581395348837207,-0.1584925141972122,0.29132500000000006,0.07184817,-1948485.0,3125915.0
5.0,0.0349,0.066,0.0782,0.0901,0.08826906,4.5506713e-06,2.9372217e-05,0.033,0.0346,0.0235,0.0218,0.0651,0.06720000000000001,0.038900000000000004,0.041800000000000004,0.5862676056338028,-0.15438821268417677,-0.09141660851360782,-0.3082259663032706,0.025165798199905245,-0.3082259663032706,0.4416,0.8679245283018868,1.1848484848484848,0.9276595744680851,0.519345238095238,0.009009009009009058,-0.1952054794520548,0.1952054794520548,-0.12593330014932802,0.2213,0.07213747000000001,-1950025.0,3125935.0
5.0,0.0356,0.059000000000000004,0.0674,0.0755,0.09044646,5.2446276e-06,2.9500146e-05,0.0351,0.037000000000000005,0.027700000000000002,0.024300000000000002,0.0601,0.0587,0.0393,0.041600000000000005,0.46317829457364335,-0.12267657992565051,-0.05725490196078432,-0.2473572938689218,0.033932813030200196,-0.2473572938689218,0.3591359135913591,0.8927152317880795,1.1423728813559322,0.8772563176895307,0.606473594548552,-0.0025488530161427497,-0.12480252764612951,0.12480252764612951,-0.10574342458400425,0.167275,0.05620443000000001,-1950445.0,3125915.0
5.0,0.0287,0.062400000000000004,0.07880000000000001,0.0922,0.0895434,3.358239e-06,2.7629303e-05,0.0263,0.0258,0.0223,0.020800000000000003,0.0609,0.0587,0.029900000000000003,0.0323,0.6104803493449782,-0.1927554980595084,-0.1281317108088762,-0.3699231613611417,0.011513360423593142,-0.3699231613611417,0.5252274607113316,0.8546637744034707,1.2628205128205128,0.9327354260089687,0.4889267461669506,-0.03055326176713461,-0.12549019607843134,0.12549019607843134,-0.1274252753015207,0.238,0.06817307000000002,-1950485.0,3126595.0
3.0,0.0261,0.056900000000000006,0.0729,0.084,0.07549269,3.8141368e-06,2.877686e-05,0.0252,0.025,0.021,0.0194,0.0545,0.0555,0.029,0.0307,0.6,-0.19233498935415183,-0.14442700156985874,-0.3710843373493976,0.010173621687480958,-0.3710843373493976,0.5258855585831063,0.8678571428571429,1.281195079086116,0.9238095238095237,0.4702702702702703,-0.012455516014234924,-0.10828025477707007,0.10828025477707007,-0.12949229891614372,0.21710000000000004,0.06282540000000003,-1950505.0,3126645.0
5.0,0.0448,0.07540000000000001,0.0847,0.0952,0.11202894,6.493008e-06,2.6403579e-05,0.0392,0.0347,0.0263,0.023100000000000002,0.0697,0.07150000000000001,0.0441,0.047,0.5670781893004115,-0.11606096131301287,-0.09715025906735753,-0.25457570715474215,0.042461859736643646,-0.25457570715474215,0.36000000000000004,0.8897058823529411,1.1233421750663128,0.8783269961977187,0.6265734265734265,-0.02654867256637168,-0.26019690576652604,0.26019690576652604,-0.13596491228070176,0.221825,0.07710277000000001,-1950735.0,3126515.0
5.0,0.0317,0.0579,0.0684,0.0762,0.09022503,4.598093e-06,2.7497485e-05,0.031400000000000004,0.031200000000000002,0.023100000000000002,0.021400000000000002,0.0618,0.0579,0.0352,0.0376,0.5347432024169184,-0.1364653243847875,-0.050691244239631346,-0.2924107142857143,0.02465073317168918,-0.2924107142857143,0.41241890639481005,0.8976377952755905,1.1813471502590673,0.9264069264069265,0.5474956822107081,0.0,-0.15693430656934299,0.15693430656934299,-0.11594202898550716,0.18205000000000002,0.059643929999999984,-1950695.0,3126385.0
5.0,0.0356,0.06770000000000001,0.0781,0.08710000000000001,0.09898092,4.5868755e-06,3.0938758e-05,0.0339,0.032,0.0251,0.0227,0.06620000000000001,0.0661,0.039,0.0414,0.5525846702317291,-0.12532299741602065,-0.08246708246708241,-0.31074540174249765,0.02488172419835288,-0.31074540174249765,0.4197229013854932,0.896670493685419,1.1536189069423928,0.9043824701195219,0.5385779122541603,-0.011958146487294498,-0.1729818780889621,0.1729818780889621,-0.11415972562469372,0.21047500000000005,0.06997310000000001,-1950895.0,3126555.0
5.0,0.0397,0.0658,0.0746,0.08510000000000001,0.10047819,4.275301e-06,2.4184987e-05,0.0374,0.0339,0.025400000000000002,0.023200000000000002,0.0644,0.06770000000000001,0.042,0.044700000000000004,0.5402714932126697,-0.1278992710404242,-0.07338129496402877,-0.24739336492890995,0.03822857142857144,-0.24739336492890995,0.3637820512820513,0.8766157461809635,1.1337386018237083,0.9133858267716535,0.586410635155096,0.01423220973782781,-0.21966205837173572,0.21966205837173572,-0.12444663059517956,0.19549999999999998,0.06827556,-1950595.0,3126505.0
3.0,0.027100000000000003,0.052500000000000005,0.0683,0.07640000000000001,0.084887914,4.3572036e-06,3.049293e-05,0.0286,0.029400000000000003,0.023200000000000002,0.0219,0.056100000000000004,0.054400000000000004,0.0309,0.0327,0.534136546184739,-0.18541505042668738,-0.09807073954983918,-0.31909547738693467,0.018376815087063923,-0.31909547738693467,0.476328502415459,0.8939790575916229,1.3009523809523809,0.9439655172413792,0.49816176470588236,0.0177736202057998,-0.0775347912524851,0.0775347912524851,-0.12367491166077732,0.18932500000000002,0.05565365000000001,-1950575.0,3126705.0
5.0,0.033600000000000005,0.0655,0.0772,0.08510000000000001,0.09146373,4.472509e-06,3.0547893e-05,0.033,0.031400000000000004,0.025400000000000002,0.023200000000000002,0.06770000000000001,0.0635,0.0373,0.0396,0.5402714932126697,-0.13014608233731742,-0.06556245686680465,-0.32189707366296666,0.02182633317602645,-0.32189707366296666,0.43386689132266215,0.9071680376028202,1.1786259541984734,0.9133858267716535,0.5291338582677166,-0.015503875968992262,-0.13898305084745766,0.13898305084745766,-0.11077694235588977,0.20725000000000002,0.06698680000000003,-1950975.0,3126665.0
5.0,0.0285,0.0618,0.0737,0.0858,0.077101365,3.2239377e-06,2.9350911e-05,0.0274,0.0267,0.0206,0.0188,0.0632,0.061900000000000004,0.032,0.0347,0.6127819548872182,-0.16260162601626016,-0.07669831994156313,-0.36877076411960125,0.011162955525367675,-0.36877076411960125,0.5013123359580053,0.858974358974359,1.192556634304207,0.912621359223301,0.4604200323101777,0.0008084074373484468,-0.16089613034623218,0.16089613034623218,-0.1181619256017505,0.21925,0.06930575,-1950465.0,3126445.0
5.0,0.036500000000000005,0.0684,0.07980000000000001,0.0911,0.094127014,3.87834e-06,2.8529357e-05,0.0341,0.0315,0.0273,0.0245,0.0611,0.0668,0.0388,0.0413,0.5388513513513513,-0.14231974921630092,-0.13271823988644432,-0.3040991420400381,0.026933050447901945,-0.3040991420400381,0.4278996865203762,0.87596048298573,1.1666666666666667,0.8974358974358975,0.5464071856287426,-0.011834319526627252,-0.14420062695924768,0.14420062695924768,-0.1118546845124283,0.21797499999999997,0.0695494,-1950465.0,3126275.0
5.0,0.037200000000000004,0.0673,0.0776,0.0889,0.0973159,4.0365876e-06,2.8384497e-05,0.0335,0.0329,0.026600000000000002,0.0246,0.061900000000000004,0.064,0.038,0.0403,0.5393939393939394,-0.13828425096030736,-0.1125448028673835,-0.28803827751196165,0.029918509895227024,-0.28803827751196165,0.4099920697858842,0.8728908886389201,1.1530460624071324,0.9248120300751879,0.58125,-0.025133282559025114,-0.16614420062695925,0.16614420062695925,-0.11078858248669578,0.2103,0.06701155,-1950425.0,3126225.0
5.0,0.0417,0.0709,0.079,0.08990000000000001,0.10387909,5.192524e-06,2.7095904e-05,0.039400000000000004,0.031900000000000005,0.024900000000000002,0.0221,0.0664,0.0727,0.0449,0.0477,0.5662020905923344,-0.11815920398009952,-0.08665749656121045,-0.2593250444049734,0.038131717356505834,-0.2593250444049734,0.3662613981762919,0.878754171301446,1.1142454160789845,0.8875502008032129,0.5735900962861072,0.01253481894150415,-0.25225225225225223,0.25225225225225223,-0.1296209639681797,0.209375,0.07534059,-1950745.0,3126645.0
5.0,0.038900000000000004,0.0689,0.0796,0.0874,0.11030346,5.0266144e-06,2.9945919e-05,0.0381,0.0341,0.0298,0.0274,0.0679,0.0675,0.042300000000000004,0.0446,0.4914675767918089,-0.11836212412028153,-0.07932203389830508,-0.27829313543599254,0.03314626446860751,-0.27829313543599254,0.38400633412509894,0.9107551487414187,1.1552975326560233,0.9194630872483222,0.5762962962962963,-0.010263929618768316,-0.13245997088791853,0.13245997088791853,-0.10335195530726263,0.20190000000000002,0.06654294,-1950895.0,3126435.0
5.0,0.0375,0.06910000000000001,0.0805,0.0886,0.11433201,3.4843147e-06,3.053008e-05,0.035500000000000004,0.031,0.027600000000000003,0.024800000000000003,0.0659,0.0655,0.04,0.0424,0.5249569707401033,-0.12365250475586549,-0.09972677595628417,-0.29643527204502823,0.029056403607001815,-0.29643527204502823,0.40523394131641555,0.9085778781038375,1.1649782923299565,0.8985507246376812,0.5725190839694656,-0.026745913818722183,-0.15207373271889393,0.15207373271889393,-0.11373289287399709,0.21054999999999996,0.06838366,-1951035.0,3126595.0
3.0,0.029400000000000003,0.0548,0.06420000000000001,0.0782,0.0805654,3.8680673e-06,2.4365832e-05,0.0279,0.020800000000000003,0.0188,0.0176,0.06910000000000001,0.0604,0.0337,0.0367,0.6123711340206186,-0.17593984962406017,0.03675918979744937,-0.3016627078384798,0.02132998745294857,-0.3016627078384798,0.45353159851301117,0.8209718670076727,1.1715328467153285,0.9361702127659575,0.48675496688741726,0.04861111111111112,-0.21991701244813278,0.21991701244813278,-0.127710843373494,0.19180000000000003,0.0648166,-1949665.0,3127985.0
3.0,0.0262,0.055900000000000005,0.0661,0.0818,0.07334611,4.4071553e-06,2.1696438e-05,0.0235,0.016800000000000002,0.015000000000000001,0.013800000000000002,0.0718,0.0625,0.0302,0.033100000000000004,0.6900826446280992,-0.18809005083514885,0.04133430021754892,-0.3617539585870889,0.011087370791707567,-0.3617539585870889,0.5148148148148148,0.8080684596577018,1.1824686940966012,0.92,0.4192,0.055743243243243194,-0.27184466019417475,0.27184466019417475,-0.13950617283950612,0.21225,0.07176811,-1949595.0,3127885.0
3.0,0.029900000000000003,0.054,0.0623,0.0753,0.07335821,3.4658729e-06,2.5973617e-05,0.0279,0.023100000000000002,0.0187,0.018000000000000002,0.0603,0.061900000000000004,0.034300000000000004,0.0375,0.6021276595744681,-0.1647331786542924,-0.016313213703099527,-0.28724672228843856,0.023402695539389853,-0.28724672228843856,0.4315589353612167,0.8273572377158034,1.1537037037037037,0.9625668449197862,0.48303715670436187,0.06816220880069028,-0.23045267489711935,0.23045267489711935,-0.12302070645554199,0.18215000000000003,0.06358024000000001,-1949725.0,3128175.0
3.0,0.0316,0.047,0.0557,0.0656,0.083766125,4.5294255e-06,3.0243727e-05,0.0309,0.0291,0.023100000000000002,0.0216,0.054400000000000004,0.053200000000000004,0.0349,0.037700000000000004,0.47914317925591887,-0.1651865008880995,-0.011807447774750186,-0.19592875318066152,0.035720265669475934,-0.19592875318066152,0.3497942386831276,0.8490853658536585,1.1851063829787234,0.935064935064935,0.5939849624060151,0.06187624750499005,-0.15539305301645337,0.15539305301645337,-0.11994868505452219,0.14305,0.04855279999999999,-1949955.0,3128405.0
3.0,0.0246,0.0613,0.07540000000000001,0.0902,0.06950812,3.4328757e-06,2.4392759e-05,0.0227,0.0195,0.0162,0.015600000000000001,0.06420000000000001,0.0603,0.028200000000000003,0.0307,0.6954887218045114,-0.19075907590759078,-0.08022922636103152,-0.4272409778812572,0.00024186721489901898,-0.4272409778812572,0.5714285714285715,0.8359201773835921,1.2300163132137032,0.9629629629629631,0.40796019900497515,-0.008223684210526322,-0.2058823529411765,0.2058823529411765,-0.13058224985867728,0.24359999999999998,0.0738603,-1949915.0,3128185.0
3.0,0.028200000000000003,0.0639,0.0767,0.0896,0.0739363,3.1295835e-06,2.6257449e-05,0.025500000000000002,0.021400000000000002,0.0183,0.0171,0.0625,0.0631,0.032,0.0347,0.6607970342910102,-0.16742671009771987,-0.1020114942528736,-0.3876221498371335,0.00789143301249478,-0.3876221498371335,0.5212224108658743,0.8560267857142858,1.2003129890453834,0.9344262295081968,0.4469096671949287,-0.006299212598425159,-0.21290322580645166,0.21290322580645166,-0.12856374394835934,0.23522500000000002,0.07418883999999998,-1950135.0,3128215.0
5.0,0.0426,0.0804,0.08940000000000001,0.10490000000000001,0.12336299,3.636956e-06,3.2699845e-05,0.039400000000000004,0.0279,0.023700000000000002,0.021500000000000002,0.0673,0.08170000000000001,0.0473,0.0506,0.6314152410575428,-0.13221802482460876,-0.14103382259093813,-0.3073170731707317,0.030544177881802224,-0.3073170731707317,0.4223728813559322,0.8522402287893232,1.1119402985074627,0.9071729957805907,0.5214198286413708,0.00801974090067865,-0.2850678733031674,0.2850678733031674,-0.12868747327917915,0.257575,0.08977895999999998,-1949545.0,3129015.0
5.0,0.0309,0.0698,0.0811,0.0979,0.09549173,3.0531287e-06,3.0102883e-05,0.0287,0.0239,0.021500000000000002,0.020300000000000002,0.0623,0.0689,0.0346,0.0371,0.6398659966499162,-0.16756112104949314,-0.13110181311018135,-0.3862959285004966,0.008853764335373462,-0.3862959285004966,0.5201863354037267,0.8283963227783453,1.16189111747851,0.944186046511628,0.44847605224963716,-0.00648882480173034,-0.1793893129770992,0.1793893129770992,-0.10836219693221179,0.25232499999999997,0.07858357,-1949415.0,3129055.0
5.0,0.032600000000000004,0.0618,0.0717,0.0854,0.09079303,3.5734831e-06,3.138984e-05,0.031200000000000002,0.023100000000000002,0.0216,0.020800000000000003,0.0609,0.066,0.0369,0.0397,0.5962616822429906,-0.16032608695652176,-0.08144796380090495,-0.30932203389830504,0.022757465488361366,-0.30932203389830504,0.44745762711864406,0.8395784543325526,1.1601941747572815,0.962962962962963,0.49393939393939396,0.03286384976525823,-0.20295202952029523,0.20295202952029523,-0.11610486891385766,0.2091,0.0692296,-1949535.0,3128825.0
5.0,0.0328,0.06470000000000001,0.0755,0.0886,0.09804221,3.1775087e-06,3.071469e-05,0.031200000000000002,0.023700000000000002,0.024200000000000003,0.023100000000000002,0.0644,0.0661,0.037000000000000005,0.0391,0.5709219858156028,-0.15590345727332022,-0.07934238741958541,-0.3271794871794872,0.020239836209417952,-0.3271794871794872,0.4596375617792421,0.8521444695259593,1.166924265842349,0.9545454545454546,0.4962178517397882,0.010703363914373074,-0.1508771929824561,0.1508771929824561,-0.1045385007649158,0.21727499999999997,0.0694677,-1949735.0,3128945.0
3.0,0.0251,0.0568,0.0733,0.08560000000000001,0.07743932,3.6230444e-06,3.092583e-05,0.0257,0.026600000000000002,0.0217,0.020200000000000003,0.059000000000000004,0.0545,0.0285,0.030500000000000003,0.5955265610438025,-0.20224719101123595,-0.10808767951625095,-0.3870573870573871,0.007290326533112783,-0.3870573870573871,0.5465221318879856,0.8563084112149533,1.2904929577464788,0.9308755760368664,0.46055045871559636,-0.020664869721473526,-0.07264957264957266,0.07264957264957266,-0.12200684150513107,0.22215000000000001,0.06227045,-1949405.0,3128865.0
3.0,0.022000000000000002,0.053700000000000005,0.0708,0.08360000000000001,0.06332587,3.216967e-06,2.8483206e-05,0.0223,0.0222,0.019200000000000002,0.0177,0.0551,0.0511,0.025,0.0269,0.6264591439688717,-0.21777130371449382,-0.12470214455917393,-0.41875825627476887,0.0015986227250368943,-0.41875825627476887,0.5833333333333333,0.84688995215311,1.318435754189944,0.9218749999999999,0.4305283757338552,-0.02480916030534356,-0.0679611650485437,0.0679611650485437,-0.13032886723507917,0.22242500000000004,0.06102259000000002,-1949305.0,3128955.0
3.0,0.025400000000000002,0.0546,0.06860000000000001,0.0804,0.07302782,3.4997552e-06,2.9243081e-05,0.025400000000000002,0.0253,0.0217,0.0198,0.0594,0.0538,0.0286,0.0302,0.574926542605289,-0.19111111111111106,-0.07187500000000005,-0.365,0.010614192009540845,-0.365,0.5198487712665405,0.8532338308457712,1.2564102564102564,0.9124423963133641,0.4721189591078067,-0.007380073800738027,-0.0785562632696391,0.0785562632696391,-0.11638954869358673,0.2039,0.05940812000000001,-1949255.0,3129015.0
3.0,0.027700000000000002,0.0611,0.0747,0.0879,0.08319901,2.979064e-06,3.2926448e-05,0.025900000000000003,0.0258,0.0206,0.0193,0.058,0.059300000000000005,0.030100000000000002,0.0325,0.6202764976958525,-0.17986577181208055,-0.1258477769404672,-0.3761261261261261,0.009771596427072723,-0.3761261261261261,0.5207612456747405,0.8498293515358362,1.2225859247135844,0.9368932038834952,0.4671163575042159,-0.014950166112956777,-0.1469979296066253,0.1469979296066253,-0.12035010940919039,0.226825,0.06783409,-1949295.0,3129105.0
3.0,0.0274,0.059800000000000006,0.0741,0.08750000000000001,0.07805776,3.578952e-06,3.0623243e-05,0.026500000000000003,0.0238,0.022000000000000002,0.020800000000000003,0.0577,0.053500000000000006,0.0292,0.0309,0.5981735159817351,-0.18805159538357094,-0.12443095599393018,-0.371559633027523,0.01047624781744837,-0.371559633027523,0.5230635335073978,0.8468571428571428,1.2391304347826086,0.9454545454545454,0.5121495327102803,-0.0556045895851721,-0.10931174089068824,0.10931174089068824,-0.11477210323997804,0.22395000000000004,0.06256202000000004,-1949585.0,3128735.0
3.0,0.0347,0.0603,0.0692,0.0792,0.09383227,3.9109677e-06,3.0617193e-05,0.034300000000000004,0.0247,0.0262,0.024900000000000002,0.0659,0.0654,0.038400000000000004,0.0415,0.5028462998102466,-0.13548387096774198,-0.024426350851221298,-0.2694736842105263,0.030142450142450154,-0.2694736842105263,0.39069359086918354,0.8737373737373736,1.1475953565505803,0.9503816793893131,0.5305810397553518,0.0405727923627685,-0.13957307060755336,0.13957307060755336,-0.0988894764674775,0.182075,0.06213838000000001,-1949685.0,3128925.0
3.0,0.0354,0.0592,0.06810000000000001,0.0784,0.10060099,3.4018813e-06,3.243111e-05,0.0345,0.0268,0.027800000000000002,0.025900000000000003,0.067,0.0637,0.039,0.0413,0.47645951035781536,-0.1395348837209302,-0.008142116950407135,-0.25158562367864695,0.033301130874580885,-0.25158562367864695,0.37785588752196836,0.868622448979592,1.150337837837838,0.9316546762589929,0.5557299843014128,0.0366151342554923,-0.120253164556962,0.120253164556962,-0.09756097560975609,0.175775,0.05938685,-1949755.0,3128805.0
3.0,0.0304,0.0636,0.0757,0.0886,0.09671048,3.6285758e-06,3.3785996e-05,0.0303,0.0291,0.024,0.0228,0.0629,0.0601,0.034300000000000004,0.0366,0.5737122557726464,-0.16425755584756896,-0.0923520923520924,-0.3531914893617022,0.014687592537755397,-0.3531914893617022,0.4890756302521009,0.8544018058690745,1.190251572327044,0.9500000000000001,0.5058236272878536,-0.02829426030719485,-0.1176470588235294,0.1176470588235294,-0.10233766233766231,0.2213,0.06608284,-1949725.0,3129105.0
3.0,0.0351,0.0714,0.082,0.09720000000000001,0.113015525,3.1219065e-06,3.3950175e-05,0.034,0.031900000000000005,0.025900000000000003,0.024200000000000003,0.0635,0.0669,0.0381,0.0402,0.579203899268887,-0.15302491103202848,-0.12714776632302405,-0.34084507042253526,0.019269298762522084,-0.34084507042253526,0.4693877551020409,0.8436213991769547,1.1484593837535013,0.9343629343629344,0.5246636771300448,-0.03253796095444688,-0.1508196721311475,0.1508196721311475,-0.10108133521391634,0.23955,0.07345619,-1949545.0,3129205.0
5.0,0.0427,0.0742,0.0813,0.09570000000000001,0.1274131,3.649306e-06,3.0380219e-05,0.0413,0.033800000000000004,0.0269,0.024300000000000002,0.0712,0.0809,0.0485,0.0516,0.5611745513866231,-0.12654502648616836,-0.0662295081967213,-0.2694610778443114,0.03706656038262257,-0.2694610778443114,0.3829479768786127,0.8495297805642632,1.095687331536388,0.9033457249070632,0.5278121137206427,0.04319793681495807,-0.2270114942528736,0.2270114942528736,-0.11460674157303369,0.222225,0.08104687999999999,-1949585.0,3129115.0
5.0,0.0284,0.0616,0.0737,0.0857,0.08855023,3.6169677e-06,3.2853244e-05,0.0268,0.0221,0.0219,0.0207,0.0594,0.057300000000000004,0.0313,0.0337,0.5929368029739777,-0.16361167684996605,-0.10743801652892562,-0.36888888888888893,0.011120970127181313,-0.36888888888888893,0.502191060473269,0.8599766627771296,1.1964285714285714,0.9452054794520548,0.4956369982547993,-0.036164844407064745,-0.1292246520874752,0.1292246520874752,-0.1073752711496746,0.217675,0.06493947,-1949855.0,3128855.0
7.0,0.035,0.0412,0.06570000000000001,0.0636,0.106829695,4.1148332e-06,4.3928838e-05,0.038,0.0426,0.0346,0.031900000000000005,0.0613,0.0422,0.039,0.039900000000000005,0.2953156822810591,-0.2137404580152672,-0.034645669291338645,-0.08136482939632542,0.05864842611945026,-0.08136482939632542,0.29006085192697767,1.0330188679245285,1.5946601941747576,0.9219653179190753,0.8293838862559242,0.011990407673860922,-0.005747126436781674,0.005747126436781674,-0.1588032220943614,0.12827500000000003,0.031065590000000008,-1949505.0,3129325.0
7.0,0.030000000000000002,0.0358,0.061700000000000005,0.0584,0.09339981,3.0338226e-06,4.296163e-05,0.0308,0.037200000000000004,0.0284,0.0268,0.0568,0.035300000000000005,0.0317,0.0327,0.3456221198156682,-0.23991507430997877,-0.041350210970464145,-0.0881458966565349,0.05012467233552844,-0.0881458966565349,0.3212669683257918,1.0565068493150687,1.7234636871508382,0.9436619718309859,0.8498583569405098,-0.007032348804500612,-0.02739726027397261,0.02739726027397261,-0.18859364873622814,0.12679999999999997,0.02923803000000001,-1949605.0,3129395.0
7.0,0.0325,0.0385,0.06330000000000001,0.0589,0.10083377,3.4358172e-06,4.5096815e-05,0.034300000000000004,0.031400000000000004,0.0329,0.030100000000000002,0.0557,0.0385,0.0354,0.0362,0.2832244008714597,-0.20944558521560577,-0.06386554621848747,-0.0845070422535211,0.054199683042789236,-0.0845070422535211,0.28884026258205686,1.0747028862478778,1.6441558441558444,0.9148936170212767,0.8441558441558442,0.0,0.006116207951070299,-0.006116207951070299,-0.16545012165450132,0.11997500000000003,0.028190940000000025,-1949775.0,3128615.0
7.0,0.0251,0.0346,0.058300000000000005,0.057800000000000004,0.072320424,4.6721902e-06,3.845161e-05,0.027600000000000003,0.0281,0.0247,0.0239,0.053500000000000006,0.0329,0.028200000000000003,0.029300000000000003,0.40121212121212124,-0.25108225108225113,-0.042933810375670824,-0.15912897822445557,0.035388773650135145,-0.15912897822445557,0.3944511459589868,1.008650519031142,1.684971098265896,0.9676113360323887,0.7629179331306991,-0.025185185185185185,-0.008032128514056247,0.008032128514056247,-0.17547568710359412,0.13407500000000006,0.03024042000000001,-1949855.0,3129355.0
7.0,0.028800000000000003,0.033800000000000004,0.0592,0.054700000000000006,0.09058063,4.4530866e-06,4.7084162e-05,0.0309,0.0317,0.029,0.0267,0.0538,0.0341,0.0315,0.0327,0.30704898446833934,-0.23615819209039549,-0.04778761061946904,-0.07987220447284346,0.04850177755205688,-0.07987220447284346,0.3101796407185629,1.0822669104204752,1.7514792899408282,0.9206896551724137,0.8445747800586512,0.004418262150220835,0.0034602076124567263,-0.0034602076124567263,-0.18518518518518517,0.11592500000000001,0.02628443000000001,-1949945.0,3128655.0
7.0,0.0369,0.0437,0.0719,0.06760000000000001,0.11267917,3.1884938e-06,4.1982108e-05,0.037200000000000004,0.0395,0.0375,0.033600000000000005,0.0666,0.043500000000000004,0.0376,0.0391,0.2863939105613702,-0.2147349505840072,-0.03826714801444042,-0.08436724565756824,0.06389418964269264,-0.08436724565756824,0.29377990430622014,1.0636094674556213,1.6453089244851258,0.8960000000000001,0.8482758620689655,-0.0022935779816513624,0.00806451612903221,-0.00806451612903221,-0.16926383664696398,0.13770000000000002,0.03246477000000001,-1950345.0,3128685.0
7.0,0.0373,0.0454,0.0722,0.0704,0.10862651,5.7395578e-06,4.554446e-05,0.0375,0.0395,0.037200000000000004,0.0334,0.0669,0.0432,0.038,0.038200000000000005,0.30855018587360594,-0.2158894645941278,-0.03810208483105679,-0.097944377267231,0.06228846654517053,-0.097944377267231,0.3073351903435469,1.0255681818181817,1.5903083700440528,0.8978494623655913,0.8634259259259259,-0.024830699774266368,-0.001342281879194576,0.001342281879194576,-0.16303770578863508,0.1448,0.03388855000000002,-1950605.0,3128835.0
7.0,0.0358,0.0494,0.0736,0.0747,0.11091482,7.4166237e-06,4.180898e-05,0.0386,0.046200000000000005,0.0373,0.033100000000000004,0.0703,0.0465,0.0388,0.0403,0.33392857142857146,-0.20386784850926673,-0.02293259207783181,-0.15962441314553993,0.05139707767239169,-0.15962441314553993,0.35203619909502265,0.9852744310575635,1.4898785425101215,0.8873994638069707,0.7698924731182796,-0.030239833159541187,0.020519835841313287,-0.020519835841313287,-0.14017717561229803,0.15897499999999998,0.03868451999999999,-1950695.0,3129125.0
7.0,0.024300000000000002,0.0281,0.049600000000000005,0.0427,0.067682,4.6970367e-06,3.8274946e-05,0.027200000000000002,0.027,0.0251,0.0233,0.047,0.028900000000000002,0.027800000000000002,0.0281,0.25958702064896755,-0.20621468926553674,-0.02691511387163566,-0.0725190839694656,0.03977341941771228,-0.0725190839694656,0.2746268656716418,1.1615925058548011,1.7651245551601424,0.9282868525896415,0.8408304498269896,0.014035087719298282,0.01619433198380564,-0.01619433198380564,-0.17956903431763768,0.08807500000000001,0.02052838000000001,-1948825.0,3128745.0
7.0,0.029,0.0332,0.0536,0.0477,0.0883636,4.593885e-06,4.8532624e-05,0.0341,0.0328,0.031200000000000002,0.029,0.052000000000000005,0.0352,0.0337,0.0344,0.2091254752851711,-0.1792336217552534,-0.015151515151515126,-0.06752411575562699,0.047567175018155425,-0.06752411575562699,0.24380704041720988,1.1236897274633124,1.6144578313253013,0.9294871794871795,0.8238636363636364,0.02923976608187137,0.03654485049833888,-0.03654485049833888,-0.1408839779005525,0.0898,0.021500340000000007,-1948685.0,3129305.0
7.0,0.0344,0.0376,0.059000000000000004,0.0512,0.09915014,2.0664988e-06,4.6034704e-05,0.036500000000000005,0.0413,0.0347,0.0323,0.0579,0.0395,0.0375,0.038,0.1920838183934808,-0.15315315315315317,-0.009409751924722017,-0.04444444444444446,0.05920489296636085,-0.04444444444444446,0.19626168224299065,1.15234375,1.569148936170213,0.930835734870317,0.8708860759493671,0.024643320363164706,0.004341534008683093,-0.004341534008683093,-0.1439069197795469,0.091425,0.023708949999999996,-1948245.0,3128335.0
7.0,0.0381,0.0425,0.0631,0.0551,0.12300915,2.2686183e-06,4.4178436e-05,0.0414,0.0466,0.039400000000000004,0.0373,0.0604,0.0442,0.042300000000000004,0.0426,0.1661375661375661,-0.1290983606557377,-0.02186234817813766,-0.054590570719602986,0.06434103799475514,-0.054590570719602986,0.18240343347639484,1.1451905626134302,1.484705882352941,0.9467005076142131,0.8619909502262443,0.019607843137254905,0.016774193548387127,-0.016774193548387127,-0.11823204419889502,0.09392500000000001,0.024484629999999997,-1947825.0,3127715.0
7.0,0.0335,0.0371,0.058,0.0489,0.10617556,4.878515e-06,4.7793295e-05,0.037000000000000005,0.0398,0.035,0.0332,0.0572,0.0388,0.0374,0.038200000000000005,0.16567342073897492,-0.13720930232558137,-0.006944444444444463,-0.050991501416430586,0.05681402995981002,-0.050991501416430586,0.18689320388349512,1.1860940695296525,1.5633423180592991,0.9485714285714285,0.8634020618556701,0.022397891963109356,0.02189781021897812,-0.02189781021897812,-0.13102595797280592,0.08579999999999999,0.021722269999999995,-1946635.0,3127705.0
7.0,0.0313,0.0362,0.0574,0.0473,0.09617352,3.3828496e-06,4.5259163e-05,0.0359,0.0381,0.0334,0.0316,0.056400000000000006,0.0374,0.0357,0.0369,0.17224287484510536,-0.13293413173652693,-0.00878734622144107,-0.07259259259259261,0.051405867970660137,-0.07259259259259261,0.2035623409669211,1.2135306553911205,1.585635359116022,0.9461077844311379,0.8368983957219251,0.016304347826086953,0.03245749613601233,-0.03245749613601233,-0.13354632587859427,0.0865,0.021766040000000004,-1946795.0,3126245.0
7.0,0.0324,0.0366,0.057600000000000005,0.0494,0.10065241,4.4074595e-06,4.6435165e-05,0.035500000000000004,0.0366,0.0334,0.0313,0.0541,0.0375,0.036000000000000004,0.0363,0.1932367149758454,-0.14883720930232558,-0.0313339301700985,-0.060869565217391335,0.05414634146341462,-0.060869565217391335,0.2078239608801956,1.1659919028340082,1.5737704918032789,0.9371257485029941,0.864,0.012145748987854225,0.015197568389057765,-0.015197568389057765,-0.13996200126662442,0.09022500000000001,0.022584490000000002,-1947445.0,3129455.0
7.0,0.0297,0.0349,0.0582,0.0505,0.087378435,5.24736e-06,4.721974e-05,0.032,0.031,0.0302,0.028200000000000003,0.0548,0.0349,0.0332,0.0332,0.25154894671623296,-0.1826697892271663,-0.03008849557522124,-0.08049535603715169,0.04902815848492399,-0.08049535603715169,0.2593516209476309,1.1524752475247524,1.667621776504298,0.9337748344370862,0.8510028653295129,0.0,0.008347245409015032,-0.008347245409015032,-0.16423841059602648,0.10165,0.02447813,-1946595.0,3130835.0
7.0,0.027700000000000002,0.0328,0.0533,0.0455,0.07901697,2.7297376e-06,4.055272e-05,0.0318,0.0329,0.0298,0.029,0.0529,0.0328,0.032,0.032600000000000004,0.20849933598937578,-0.16219667943805868,-0.0037664783427495065,-0.08429752066115702,0.04419521066989997,-0.08429752066115702,0.24316939890710376,1.1714285714285715,1.6249999999999998,0.9731543624161074,0.8445121951219512,0.0,0.036521739130434744,-0.036521739130434744,-0.134453781512605,0.08804999999999998,0.020268510000000007,-1946835.0,3129925.0
7.0,0.038,0.0419,0.06520000000000001,0.055,0.12260788,2.2989689e-06,3.9003116e-05,0.039900000000000005,0.042100000000000005,0.0388,0.0354,0.0621,0.042800000000000005,0.041100000000000005,0.0407,0.17270788912579957,-0.13519091847265222,-0.024351924587588412,-0.04881101376720902,0.06634182908545727,-0.04881101376720902,0.1827956989247312,1.1854545454545455,1.5560859188544154,0.9123711340206185,0.8878504672897195,0.01062573789846523,0.010416666666666694,-0.010416666666666694,-0.1434903047091413,0.09635,0.025287880000000016,-1945535.0,3129235.0
7.0,0.040600000000000004,0.045000000000000005,0.0682,0.0584,0.12175885,2.012509e-06,3.9551756e-05,0.0432,0.0475,0.0417,0.038700000000000005,0.0653,0.0463,0.0438,0.044000000000000004,0.16683316683316685,-0.12959381044487422,-0.021722846441947562,-0.05140186915887851,0.07070454261043672,-0.05140186915887851,0.17979797979797976,1.167808219178082,1.5155555555555553,0.9280575539568346,0.8768898488120951,0.014238773274917804,0.013365735115431309,-0.013365735115431309,-0.13038961038961036,0.10042499999999999,0.02633685,-1945215.0,3127685.0
7.0,0.035,0.0393,0.0614,0.0514,0.11039841,2.7929245e-06,4.2263888e-05,0.0383,0.036000000000000004,0.036000000000000004,0.0339,0.058600000000000006,0.0405,0.0388,0.0391,0.17620137299771163,-0.13340683572216097,-0.023333333333333307,-0.05787348586810226,0.0594841416759225,-0.05787348586810226,0.18981481481481477,1.1945525291828794,1.5623409669211197,0.9416666666666665,0.8641975308641976,0.0150375939849624,0.014084507042253532,-0.014084507042253532,-0.13679245283018873,0.091875,0.023644660000000012,-1944785.0,3128725.0
7.0,0.038,0.043300000000000005,0.0635,0.054700000000000006,0.11235009,2.2443114e-06,4.4507695e-05,0.041600000000000005,0.0417,0.0408,0.038,0.0614,0.044500000000000005,0.0425,0.0422,0.1455497382198953,-0.11632653061224489,-0.016813450760608466,-0.06519065190651913,0.06292982776459131,-0.06519065190651913,0.18015102481121906,1.1608775137111516,1.4665127020785218,0.9313725490196078,0.8539325842696628,0.013667425968109333,0.03553299492385791,-0.03553299492385791,-0.11050328227571113,0.09154999999999999,0.02394318,-1944495.0,3127465.0
7.0,0.032,0.0344,0.0545,0.0454,0.09897999,2.711439e-06,4.376987e-05,0.034300000000000004,0.0354,0.033100000000000004,0.031100000000000003,0.0555,0.0361,0.0346,0.0347,0.15668789808917194,-0.13784461152882208,0.0090909090909091,-0.036144578313253004,0.054962936177906346,-0.036144578313253004,0.17312661498708015,1.2004405286343611,1.5843023255813953,0.9395770392749244,0.8864265927977839,0.024113475177304965,0.016897081413210502,-0.016897081413210502,-0.13815789473684204,0.078125,0.019955879999999995,-1945385.0,3126855.0
7.0,0.0361,0.0409,0.0683,0.0555,0.108952954,1.6486823e-06,3.9329545e-05,0.0391,0.0354,0.0386,0.0362,0.06620000000000001,0.041800000000000004,0.0395,0.0398,0.179596174282678,-0.15145228215767637,-0.015613382899628183,-0.062337662337662324,0.06415339616509587,-0.062337662337662324,0.21179039301310043,1.2306306306306307,1.6699266503667483,0.9378238341968912,0.8636363636363635,0.010882708585247945,0.033467202141900965,-0.033467202141900965,-0.15041322314049582,0.10405,0.024957619999999996,-1943535.0,3133725.0
7.0,0.0342,0.0407,0.06380000000000001,0.0533,0.118806526,1.524657e-06,4.409383e-05,0.0385,0.0385,0.0392,0.0366,0.0644,0.041800000000000004,0.0393,0.038900000000000004,0.15243243243243246,-0.13404255319148936,0.004680187207488216,-0.08678237650200266,0.05600700087510941,-0.08678237650200266,0.21828571428571428,1.1969981238273923,1.5675675675675678,0.9336734693877552,0.8181818181818181,0.013333333333333378,0.06811989100817437,-0.06811989100817437,-0.11808328579577863,0.09610000000000002,0.02329083,-1944435.0,3131095.0
7.0,0.0371,0.0417,0.0671,0.0623,0.111741915,3.9566694e-06,3.994656e-05,0.0398,0.0409,0.036500000000000005,0.034,0.06330000000000001,0.041600000000000005,0.0403,0.0407,0.26113360323886636,-0.19807692307692307,-0.02914110429447851,-0.05837563451776649,0.06511064345386136,-0.05837563451776649,0.2535211267605634,1.0770465489566614,1.6091127098321345,0.9315068493150684,0.891826923076923,-0.0012004801920767816,-0.00815217391304343,0.00815217391304343,-0.15842134519177326,0.12095,0.028669390000000003,-1948005.0,3131585.0
7.0,0.038,0.0427,0.058100000000000006,0.046700000000000005,0.11398662,2.9194593e-06,4.552341e-05,0.0412,0.0405,0.038900000000000004,0.0367,0.061500000000000006,0.0431,0.0412,0.0419,0.09112149532710281,-0.04474272930648773,0.028428093645484948,-0.058240396530359395,0.06092375793581455,-0.058240396530359395,0.10271546635183007,1.2441113490364026,1.3606557377049182,0.9434447300771208,0.8816705336426914,0.004662004662004633,0.01170351105331606,-0.01170351105331606,-0.0951566951566952,0.06867500000000004,0.021424150000000003,-1935815.0,3140575.0
7.0,0.0317,0.035300000000000005,0.051000000000000004,0.039400000000000004,0.092141725,3.3503175e-06,4.631817e-05,0.035,0.0386,0.0339,0.0322,0.055600000000000004,0.0369,0.0352,0.0357,0.07503410641200552,-0.05488621151271752,0.043151969981238276,-0.05373134328358217,0.05104529616724738,-0.05373134328358217,0.10829817158931092,1.2944162436548223,1.4447592067988668,0.9498525073746312,0.8590785907859078,0.022160664819944557,0.033536585365853674,-0.033536585365853674,-0.10119840213049262,0.059150000000000036,0.01757192000000001,-1936415.0,3142525.0
7.0,0.030100000000000002,0.031900000000000005,0.05,0.0376,0.086086705,3.4516274e-06,4.50413e-05,0.029900000000000003,0.0358,0.029900000000000003,0.0286,0.0529,0.0323,0.0307,0.0307,0.11407407407407405,-0.08201438848920858,0.028182701652089404,-0.029032258064516175,0.051210868281157715,-0.029032258064516175,0.1107828655834564,1.3297872340425532,1.567398119122257,0.9565217391304347,0.9318885448916409,0.006230529595015538,-0.0033333333333333127,0.0033333333333333127,-0.13940256045519203,0.06115000000000001,0.01713885,-1937625.0,3146105.0
7.0,0.0224,0.024800000000000003,0.044000000000000004,0.031200000000000002,0.059216794,4.152849e-06,3.5406127e-05,0.0235,0.0245,0.023100000000000002,0.021500000000000002,0.0477,0.0253,0.0239,0.024200000000000003,0.14917127071823202,-0.11428571428571425,0.040348964013086096,-0.050847457627118696,0.037089871611982884,-0.050847457627118696,0.16417910447761197,1.4102564102564104,1.7741935483870968,0.9307359307359307,0.8853754940711462,0.00998003992015962,0.015384615384615444,-0.015384615384615444,-0.1783496007098491,0.059125,0.015621790000000003,-1940575.0,3150325.0
7.0,0.0274,0.030000000000000002,0.049,0.0367,0.082497016,3.7854193e-06,4.3045075e-05,0.0284,0.0344,0.0281,0.0263,0.0531,0.0309,0.0292,0.029,0.1327160493827161,-0.10044977511244378,0.040156709108716944,-0.04529616724738678,0.045838790332182404,-0.04529616724738678,0.1450858034321373,1.335149863760218,1.6333333333333333,0.9359430604982206,0.8867313915857605,0.014778325123152676,0.012612612612612598,-0.012612612612612598,-0.15146948003014316,0.06407500000000001,0.017678889999999996,-1939945.0,3147995.0
7.0,0.0261,0.0274,0.0494,0.0358,0.07045932,5.158022e-06,4.3119464e-05,0.0252,0.030000000000000002,0.0258,0.0236,0.0526,0.0281,0.0263,0.0258,0.1623376623376623,-0.13291139240506325,0.03137254901960786,-0.024299065420560727,0.04615853658536585,-0.024299065420560727,0.15670436187399026,1.3798882681564246,1.802919708029197,0.9147286821705426,0.9288256227758007,0.012612612612612598,-0.00578034682080928,0.00578034682080928,-0.1936758893280632,0.06695,0.01776648,-1943625.0,3152075.0
1.0,0.0239,0.0263,0.0485,0.0352,0.06579868,3.5619378e-06,3.6920104e-05,0.0247,0.025900000000000003,0.0239,0.022500000000000003,0.050800000000000005,0.027100000000000003,0.0256,0.0258,0.1912013536379019,-0.14471544715447157,0.02316213494461232,-0.04780876494023903,0.040894920227397775,-0.04780876494023903,0.1912013536379019,1.377840909090909,1.844106463878327,0.9414225941422595,0.8819188191881918,0.014981273408239739,0.0,0.0,-0.19471947194719474,0.07042500000000002,0.01803099,-1945625.0,3148115.0
5.0,0.019100000000000002,0.0723,0.13140000000000002,0.1535,0.068707176,1.691103e-06,1.5876647e-05,0.02,0.0221,0.0181,0.0171,0.10740000000000001,0.0582,0.0217,0.0228,0.789044289044289,-0.3596102745792737,-0.1005025125628141,-0.5820568927789933,-0.05252460419341037,-0.5820568927789933,0.7786790266512166,0.8560260586319219,1.8174273858921164,0.9447513812154695,0.32817869415807566,-0.10804597701149427,-0.026881720430107548,0.026881720430107548,-0.25468945393914133,0.463625,0.10261302000000003,-1948135.0,3146675.0
5.0,0.0189,0.0961,0.1572,0.194,0.07879057,1.5399575e-06,1.3563412e-05,0.016800000000000002,0.0164,0.0145,0.013900000000000001,0.1306,0.083,0.021400000000000002,0.023200000000000002,0.8609112709832133,-0.33746983798690106,-0.09242529534398893,-0.671304347826087,-0.11728691476590637,-0.671304347826087,0.8224518553311414,0.8103092783505155,1.63579604578564,0.9586206896551724,0.22771084337349395,-0.07314349525404802,-0.13173652694610777,0.13173652694610777,-0.23103809856693464,0.595575,0.14308383000000002,-1948405.0,3147375.0
5.0,0.022500000000000003,0.1072,0.1794,0.21450000000000002,0.07694858,1.3666868e-06,1.4852428e-05,0.020200000000000003,0.018600000000000002,0.0179,0.016900000000000002,0.12660000000000002,0.0901,0.0245,0.0261,0.8459552495697075,-0.33354056574448243,-0.17254901960784305,-0.6530454895913647,-0.1591193004372267,-0.6530454895913647,0.8101265822784811,0.8363636363636363,1.6735074626865671,0.9441340782122907,0.24972253052164264,-0.0866700456158135,-0.11386138613861393,0.11386138613861393,-0.23865030674846624,0.659275,0.15536065,-1946395.0,3146725.0
5.0,0.020200000000000003,0.0639,0.1272,0.14780000000000001,0.07719536,1.9613117e-06,1.933168e-05,0.022000000000000002,0.026500000000000003,0.0193,0.0184,0.1048,0.0517,0.0227,0.0235,0.7690005984440453,-0.3963155408597072,-0.09655172413793105,-0.5196195005945302,-0.02980427046263345,-0.5196195005945302,0.7595238095238096,0.8606224627875507,1.9906103286384977,0.9533678756476683,0.390715667311412,-0.10553633217993075,-0.022784810126582313,0.022784810126582313,-0.283413147583805,0.44205,0.09281232000000002,-1946485.0,3145355.0
7.0,0.024200000000000003,0.027800000000000002,0.0698,0.0528,0.07479713,3.6091028e-06,3.0121248e-05,0.0256,0.029500000000000002,0.023700000000000002,0.0221,0.06520000000000001,0.0284,0.0263,0.0267,0.3803921568627451,-0.3101736972704714,-0.03407407407407402,-0.0692307692307692,0.04898876404494383,-0.0692307692307692,0.3714285714285714,1.321969696969697,2.5107913669064748,0.9324894514767932,0.8521126760563381,0.01067615658362989,-0.01043841336116911,0.01043841336116911,-0.3064628214037526,0.135475,0.028201079999999993,-1947685.0,3145505.0
7.0,0.0273,0.0317,0.07100000000000001,0.055900000000000005,0.08736902,4.660052e-06,3.362105e-05,0.029300000000000003,0.033800000000000004,0.0273,0.0262,0.06670000000000001,0.0323,0.030000000000000002,0.030600000000000002,0.34375,-0.2762557077625571,-0.03122730573710964,-0.07457627118644064,0.053357664233576664,-0.07457627118644064,0.34375,1.2701252236135958,2.239747634069401,0.9597069597069597,0.8452012383900929,0.009375000000000052,0.0,0.0,-0.25864276568501926,0.13540000000000002,0.02857689,-1947835.0,3145215.0
7.0,0.0267,0.0304,0.0834,0.06420000000000001,0.08304737,4.753703e-06,3.159347e-05,0.0281,0.0347,0.0263,0.0251,0.0733,0.031,0.029,0.0291,0.4187845303867403,-0.357293868921776,-0.0644543714103382,-0.06479859894921189,0.062285812200137104,-0.06479859894921189,0.41254125412541254,1.2990654205607475,2.743421052631579,0.9543726235741445,0.8612903225806452,0.009771986970684036,-0.007547169811320774,0.007547169811320774,-0.32971014492753625,0.17067500000000002,0.03303418000000002,-1946965.0,3146045.0
7.0,0.0261,0.031,0.0883,0.0694,0.082418144,4.0942964e-06,2.9478017e-05,0.028,0.0334,0.0263,0.0246,0.0799,0.0313,0.028800000000000003,0.0291,0.45036572622779514,-0.3824701195219124,-0.049940546967895384,-0.0858143607705779,0.06228971537692099,-0.0858143607705779,0.4534031413612566,1.2723342939481268,2.8483870967741938,0.935361216730038,0.8338658146964857,0.004815409309791359,0.003816793893129748,-0.003816793893129748,-0.34588235294117653,0.18935000000000002,0.036245220000000015,-1946475.0,3146145.0
5.0,0.022600000000000002,0.0746,0.1279,0.1499,0.07465579,1.9606023e-06,1.7356655e-05,0.023200000000000002,0.027200000000000002,0.0212,0.0199,0.1048,0.0631,0.0251,0.0257,0.7521917007597897,-0.3354120267260579,-0.09926944563816076,-0.5349794238683127,-0.0354242098052647,-0.5349794238683127,0.7379710144927536,0.8532354903268846,1.7144772117962468,0.9386792452830189,0.3581616481774961,-0.08351488743645605,-0.03196347031963474,0.03196347031963474,-0.22857142857142865,0.441925,0.10116943000000002,-1946005.0,3145395.0
5.0,0.019200000000000002,0.08370000000000001,0.14300000000000002,0.1695,0.06757671,1.6812176e-06,1.4753843e-05,0.0179,0.0189,0.016300000000000002,0.0155,0.12390000000000001,0.0771,0.0216,0.023100000000000002,0.8245425188374595,-0.3388625592417061,-0.07156238291494943,-0.6268221574344023,-0.07952773446201832,-0.6268221574344023,0.7965023847376789,0.8436578171091446,1.7084826762246117,0.9509202453987728,0.2490272373540856,-0.04104477611940304,-0.08169014084507041,0.08169014084507041,-0.2410099464422341,0.5173750000000001,0.12514219000000001,-1945195.0,3146325.0
5.0,0.0216,0.07,0.12490000000000001,0.14750000000000002,0.06880972,1.9244371e-06,1.6209444e-05,0.021400000000000002,0.024900000000000002,0.0199,0.0187,0.10640000000000001,0.0575,0.023100000000000002,0.023700000000000002,0.7622461170848268,-0.3563218390804598,-0.07998270644185042,-0.5283842794759825,-0.03169258195503615,-0.5283842794759825,0.7445298639858071,0.8467796610169491,1.7842857142857143,0.9396984924623116,0.3756521739130435,-0.09803921568627454,-0.04096385542168675,0.04096385542168675,-0.24574829931972794,0.43607500000000005,0.09707317000000001,-1945275.0,3145625.0
5.0,0.022000000000000002,0.0912,0.1452,0.17250000000000001,0.07888088,1.9084184e-06,1.6288366e-05,0.0187,0.020900000000000002,0.016300000000000002,0.0155,0.12480000000000001,0.08560000000000001,0.0247,0.0267,0.8273305084745762,-0.3083048919226394,-0.0755555555555555,-0.6113074204946995,-0.07538525614327361,-0.6113074204946995,0.7737789203084834,0.8417391304347825,1.5921052631578947,0.9509202453987728,0.2570093457943925,-0.031674208144796344,-0.14882506527415143,0.14882506527415143,-0.22088353413654616,0.522875,0.13322991,-1946955.0,3147085.0
5.0,0.0159,0.0903,0.1829,0.2124,0.08199693,9.239733e-07,1.2926547e-05,0.0159,0.0154,0.014100000000000001,0.0134,0.1406,0.0675,0.0177,0.019,0.8754966887417218,-0.4033696729435084,-0.13075734157650695,-0.7005649717514125,-0.2718472707717128,-0.7005649717514125,0.8607095926412616,0.8611111111111112,2.02547065337763,0.9503546099290779,0.23555555555555555,-0.14448669201520914,-0.05999999999999998,0.05999999999999998,-0.3143801652892562,0.67225,0.14271322000000006,-1947925.0,3147635.0
5.0,0.0223,0.0984,0.1342,0.1703,0.072351746,1.9949794e-06,1.5281494e-05,0.0189,0.019100000000000002,0.013900000000000001,0.0135,0.1046,0.0897,0.0261,0.0287,0.8490770901194354,-0.2675846669147749,-0.12395309882747074,-0.6304888152444076,-0.07035631804684925,-0.6304888152444076,0.7684319833852545,0.7880211391661773,1.3638211382113823,0.9712230215827338,0.24860646599777034,-0.04625199362041467,-0.2320441988950276,0.2320441988950276,-0.16616989567809248,0.5090250000000001,0.13641974,-1948545.0,3146705.0
7.0,0.0251,0.045000000000000005,0.081,0.0872,0.07453839,3.7163466e-06,2.8098078e-05,0.0262,0.0309,0.023700000000000002,0.0222,0.0658,0.0368,0.027,0.027800000000000002,0.5725879170423805,-0.3192133131618759,-0.10354223433242511,-0.28388017118402287,0.025814426992437457,-0.28388017118402287,0.5529830810329475,0.9288990825688074,1.7999999999999998,0.9367088607594937,0.6820652173913044,-0.10024449877750617,-0.0286885245901639,0.0286885245901639,-0.2244662435083669,0.23135,0.04901565000000001,-1947945.0,3145875.0
5.0,0.0378,0.0678,0.08750000000000001,0.10500000000000001,0.09978411,4.420385e-06,2.8401777e-05,0.0332,0.0309,0.0251,0.0236,0.0873,0.0853,0.0424,0.0453,0.6141429669485011,-0.21527777777777782,-0.0011441647597254332,-0.28409090909090906,0.033868205746178735,-0.28409090909090906,0.4705882352941177,0.8333333333333334,1.2905604719764012,0.9402390438247011,0.44314185228604924,0.11430437622468975,-0.20190779014308427,0.20190779014308427,-0.15643747115828346,0.26155000000000006,0.08770694999999999,-1948855.0,3147175.0
7.0,0.0222,0.09230000000000001,0.1454,0.17270000000000002,0.07027417,1.9385545e-06,1.4811295e-05,0.0182,0.0179,0.0152,0.014400000000000001,0.1105,0.08020000000000001,0.0236,0.026000000000000002,0.8382118147951039,-0.3033962264150944,-0.1363813989839781,-0.6122270742358079,-0.07579814624098868,-0.6122270742358079,0.7721908671113392,0.8419224088013896,1.5752979414951245,0.9473684210526316,0.2768079800498753,-0.07014492753623187,-0.18716577540106955,0.18716577540106955,-0.22201968647466278,0.5246500000000001,0.13083249,-1949665.0,3146805.0
5.0,0.0222,0.08020000000000001,0.12890000000000001,0.1519,0.07531667,1.9596039e-06,1.5807365e-05,0.0206,0.0227,0.018500000000000003,0.016900000000000002,0.09820000000000001,0.0736,0.0245,0.0263,0.7828638497652584,-0.30891856958207664,-0.13518273888155,-0.5664062500000001,-0.04602627410789156,-0.5664062500000001,0.7449741527857553,0.848584595128374,1.6072319201995013,0.9135135135135135,0.3016304347826087,-0.0429128738621587,-0.09090909090909087,0.09090909090909087,-0.21756647864625303,0.45182500000000003,0.11179901,-1949325.0,3146925.0
5.0,0.0339,0.10350000000000001,0.1384,0.1691,0.097947925,3.211382e-06,1.8440878e-05,0.027,0.0245,0.019100000000000002,0.018000000000000002,0.1044,0.10640000000000001,0.0381,0.0413,0.7970244420828905,-0.24064563462949373,-0.14003294892915974,-0.5065502183406113,-0.030393905008915572,-0.5065502183406113,0.6660098522167487,0.8184506209343584,1.33719806763285,0.9424083769633508,0.31860902255639095,0.01381610290614578,-0.27924528301886786,0.27924528301886786,-0.17290673927842068,0.48615,0.14199881,-1949915.0,3146925.0
5.0,0.0218,0.0733,0.1115,0.1326,0.06583718,2.2293268e-06,1.6448379e-05,0.0199,0.0182,0.0164,0.015700000000000002,0.0978,0.0698,0.0245,0.0263,0.7798657718120806,-0.288003885381253,-0.06545628284758721,-0.5415352260778129,-0.030063164627808437,-0.5415352260778129,0.7176165803108809,0.8408748114630468,1.5211459754433834,0.9573170731707318,0.3123209169054441,-0.0244584206848358,-0.1413612565445026,0.1413612565445026,-0.19928025191183082,0.389625,0.10151963999999998,-1949555.0,3145735.0
5.0,0.0219,0.09430000000000001,0.1434,0.1705,0.07382057,1.7049014e-06,1.5628124e-05,0.0195,0.02,0.0161,0.0152,0.108,0.07880000000000001,0.0241,0.025900000000000003,0.827438370846731,-0.28776435045317217,-0.14081145584725538,-0.6230636833046471,-0.07721593127684497,-0.6230636833046471,0.7723492723492723,0.8410557184750732,1.5206786850477199,0.9440993788819876,0.2779187817258883,-0.08954361640670132,-0.15263157894736842,0.15263157894736842,-0.20305676855895188,0.51645,0.12875396000000003,-1949455.0,3146055.0
5.0,0.0351,0.1107,0.1466,0.17830000000000001,0.09860322,3.1593083e-06,1.7305885e-05,0.0264,0.0198,0.0161,0.0154,0.10980000000000001,0.1038,0.0371,0.0407,0.8343621399176955,-0.23391003460207613,-0.14352574102964116,-0.5185185185185185,-0.03826275425141717,-0.5185185185185185,0.6710402999062793,0.8222097588334268,1.3242999096657633,0.9565217391304348,0.338150289017341,-0.03216783216783218,-0.37109375,0.37109375,-0.18063677712800513,0.5194000000000001,0.14940610999999998,-1949825.0,3145855.0
5.0,0.0251,0.09480000000000001,0.1328,0.16340000000000002,0.087157406,2.2469728e-06,1.7803615e-05,0.020800000000000003,0.0213,0.0172,0.0158,0.0917,0.0818,0.0263,0.0286,0.8095238095238096,-0.2656855151045701,-0.18307349665924275,-0.5813177648040034,-0.05360428165245025,-0.5813177648040034,0.7336870026525198,0.8127294981640146,1.4008438818565399,0.9186046511627908,0.30684596577017115,-0.07361268403171015,-0.1867612293144208,0.1867612293144208,-0.1761638733705773,0.4818,0.12508303,-1950595.0,3145545.0
5.0,0.0273,0.07390000000000001,0.0946,0.1178,0.08157734,2.8697698e-06,2.0380125e-05,0.023700000000000002,0.0218,0.017,0.0159,0.0791,0.0833,0.031900000000000005,0.035,0.7477744807121661,-0.22900365153886276,-0.08923431203223949,-0.4604743083003952,-0.0074224908039936975,-0.4604743083003952,0.6237077877325982,0.8030560271646859,1.2801082543978348,0.9352941176470588,0.3277310924369748,0.059796437659033023,-0.23250564334085777,0.23250564334085777,-0.15162966461974495,0.326625,0.10087074,-1950435.0,3145875.0
5.0,0.0268,0.07390000000000001,0.0988,0.1203,0.076564334,3.059375e-06,2.1659174e-05,0.0236,0.020800000000000003,0.016800000000000002,0.0159,0.0854,0.0791,0.031,0.0335,0.7549234135667396,-0.23892893923789904,-0.07274701411509227,-0.4677259185700099,-0.009462424574876581,-0.4677259185700099,0.6356220258327668,0.8212801330008312,1.3369418132611637,0.9464285714285714,0.3388116308470291,0.03398692810457513,-0.22935779816513757,0.22935779816513757,-0.16620241411327757,0.338125,0.10034317000000001,-1950775.0,3145785.0
5.0,0.0459,0.1148,0.1381,0.169,0.12402291,4.2270244e-06,2.3805516e-05,0.0379,0.0322,0.0262,0.0245,0.10400000000000001,0.11670000000000001,0.050300000000000004,0.054700000000000006,0.7315573770491803,-0.19097956307258637,-0.14085088806278392,-0.4287492221530802,-7.15358752414257e-05,-0.4287492221530802,0.5728245695672406,0.8171597633136094,1.2029616724738676,0.9351145038167938,0.39331619537275064,0.008207343412527053,-0.2732316227461859,0.2732316227461859,-0.13826167646149082,0.458575,0.14349383,-1951295.0,3145375.0
5.0,0.0344,0.08940000000000001,0.1134,0.1388,0.100112,4.0049345e-06,2.6407124e-05,0.0296,0.027,0.022000000000000002,0.020300000000000002,0.09050000000000001,0.09190000000000001,0.0385,0.041600000000000005,0.7263681592039801,-0.21647677475898333,-0.11230995586071597,-0.44426494345718903,-0.0047202554491184425,-0.44426494345718903,0.602771362586605,0.8170028818443804,1.268456375838926,0.9227272727272727,0.3743199129488574,0.013789299503585229,-0.21985815602836872,0.21985815602836872,-0.14796116504854362,0.380875,0.11438664000000003,-1951465.0,3145525.0
5.0,0.0218,0.0857,0.13,0.15810000000000002,0.06889747,1.8761217e-06,1.6831555e-05,0.020200000000000003,0.0195,0.0173,0.0161,0.0849,0.07060000000000001,0.0247,0.026000000000000002,0.8027366020524515,-0.29696472518457756,-0.20986505351326198,-0.5944186046511628,-0.05561497326203209,-0.5944186046511628,0.7576431350750419,0.8222643896268184,1.5169194865810969,0.930635838150289,0.3087818696883852,-0.09660908509277025,-0.11508951406649619,0.11508951406649619,-0.19716088328075707,0.470625,0.11397750000000005,-1949025.0,3144755.0
5.0,0.027,0.083,0.12240000000000001,0.1453,0.083129145,2.7934043e-06,2.1805767e-05,0.0268,0.025400000000000002,0.0235,0.0221,0.096,0.0747,0.0308,0.032100000000000004,0.7215639810426541,-0.272886552781428,-0.12087912087912091,-0.5090909090909091,-0.025535420098846788,-0.5090909090909091,0.6865931514799768,0.8423950447350309,1.4746987951807229,0.9404255319148936,0.3614457831325301,-0.05263157894736843,-0.0693069306930693,0.0693069306930693,-0.17406679764243618,0.41542500000000004,0.10503741,-1949305.0,3145145.0
5.0,0.032600000000000004,0.0648,0.0853,0.1028,0.08078056,3.6050021e-06,2.2366306e-05,0.029500000000000002,0.0284,0.0216,0.0201,0.0683,0.07590000000000001,0.036500000000000005,0.038900000000000004,0.652733118971061,-0.22673031026252988,-0.11067708333333333,-0.33059548254620114,0.0213650610887226,-0.33059548254620114,0.518463810930576,0.8297665369649805,1.3163580246913582,0.9305555555555555,0.4295125164690382,0.07889125799573571,-0.20295202952029523,0.20295202952029523,-0.16272189349112426,0.26602499999999996,0.08316892999999999,-1948365.0,3144145.0
7.0,0.0252,0.027800000000000002,0.0546,0.0391,0.07097959,3.8525313e-06,3.9372746e-05,0.0264,0.0286,0.0257,0.024,0.0558,0.0287,0.0273,0.0274,0.20679012345679018,-0.1689088191330344,0.010869565217391302,-0.04905660377358493,0.044984025559105426,-0.04905660377358493,0.21617418351477455,1.3964194373401535,1.9640287769784173,0.933852140077821,0.8780487804878049,0.015929203539822974,0.009823182711198437,-0.009823182711198437,-0.2127659574468086,0.08200000000000002,0.019907989999999997,-1942625.0,3144595.0
7.0,0.024200000000000003,0.026500000000000003,0.0567,0.0409,0.070027106,4.9446226e-06,3.9273204e-05,0.026000000000000002,0.0304,0.024800000000000003,0.0235,0.0565,0.0279,0.0263,0.026600000000000002,0.24505327245053263,-0.21364985163204742,-0.0017667844522968091,-0.04536489151873766,0.0448578402269279,-0.04536489151873766,0.2565284178187403,1.3863080684596578,2.1396226415094337,0.9475806451612903,0.867383512544803,0.02573529411764703,0.01224489795918367,-0.01224489795918367,-0.2360580595874713,0.09132499999999998,0.02056591,-1942125.0,3143285.0
7.0,0.0199,0.0222,0.048100000000000004,0.033800000000000004,0.058251128,4.187405e-06,3.2916512e-05,0.0212,0.0217,0.020800000000000003,0.0194,0.049,0.0228,0.0216,0.0218,0.23809523809523808,-0.20714285714285716,0.009268795056642616,-0.05463182897862233,0.034769988010348966,-0.05463182897862233,0.25884543761638734,1.4230769230769231,2.166666666666667,0.9326923076923076,0.8728070175438597,0.01333333333333333,0.02211302211302215,-0.02211302211302215,-0.2408759124087592,0.0764,0.017188220000000004,-1939865.0,3143385.0
7.0,0.026000000000000002,0.0287,0.0558,0.040600000000000004,0.075744644,3.2307505e-06,3.7594313e-05,0.0279,0.031,0.026600000000000002,0.0247,0.059500000000000004,0.029500000000000002,0.028300000000000002,0.028200000000000003,0.20833333333333334,-0.17171717171717177,0.0320901994796184,-0.04936014625228515,0.046556367833782225,-0.04936014625228515,0.21921921921921922,1.374384236453202,1.9442508710801394,0.9285714285714285,0.8813559322033898,0.013745704467353988,0.011406844106463873,-0.011406844106463873,-0.21005917159763318,0.08457499999999998,0.02053851000000001,-1939165.0,3142235.0
7.0,0.0354,0.0388,0.0636,0.048600000000000004,0.10571213,3.6234735e-06,4.336461e-05,0.0379,0.0402,0.035500000000000004,0.0333,0.06420000000000001,0.0398,0.038400000000000004,0.0388,0.15576694411414982,-0.11212814645308927,0.004694835680751199,-0.04582210242587601,0.0628159757330637,-0.04582210242587601,0.15714285714285717,1.308641975308642,1.6391752577319587,0.9380281690140845,0.8894472361809045,0.012722646310432581,0.0014104372355430586,-0.0014104372355430586,-0.1572180011689071,0.08707500000000001,0.02350710999999999,-1937485.0,3139865.0
7.0,0.0357,0.0386,0.0575,0.0453,0.10426666,2.3836433e-06,4.05939e-05,0.039400000000000004,0.0412,0.0366,0.035,0.0606,0.0403,0.0391,0.04,0.10622710622710622,-0.07985697258641236,0.02624894157493648,-0.03903095558546433,0.06058250104658813,-0.03903095558546433,0.11851851851851848,1.2693156732891833,1.4896373056994818,0.9562841530054645,0.8858560794044665,0.021546261089987327,0.012448132780082959,-0.012448132780082959,-0.11750599520383696,0.07105,0.020184809999999997,-1936405.0,3139005.0
7.0,0.035,0.038400000000000004,0.0545,0.044000000000000004,0.10214974,1.7180323e-06,4.7323025e-05,0.0379,0.0375,0.0357,0.0333,0.056900000000000006,0.0395,0.0381,0.0385,0.10414052697616062,-0.0679611650485437,0.021543985637342965,-0.04632152588555858,0.057316290200198454,-0.04632152588555858,0.11392405063291139,1.2386363636363635,1.4192708333333333,0.9327731092436975,0.8860759493670887,0.014120667522464658,0.009900990099009889,-0.009900990099009889,-0.11042183622828773,0.06677499999999999,0.020132230000000008,-1937265.0,3136545.0
7.0,0.0335,0.0364,0.0539,0.0426,0.10204037,1.8115013e-06,4.462968e-05,0.0366,0.037200000000000004,0.0342,0.0324,0.056900000000000006,0.0379,0.0364,0.0368,0.10937499999999996,-0.07848101265822781,0.02707581227436825,-0.04148783977110157,0.055860319707426415,-0.04148783977110157,0.11957950065703019,1.2652582159624415,1.4807692307692308,0.9473684210526315,0.8839050131926122,0.020188425302826395,0.010339734121122587,-0.010339734121122587,-0.11907810499359799,0.06694999999999997,0.019378829999999993,-1937295.0,3134885.0
7.0,0.031900000000000005,0.035500000000000004,0.051500000000000004,0.0408,0.097337745,2.943343e-06,4.2024425e-05,0.035,0.0385,0.032600000000000004,0.031200000000000002,0.0545,0.0363,0.0354,0.035300000000000005,0.11171662125340596,-0.06946264744429881,0.028301886792452786,-0.05341246290801184,0.0515343853723869,-0.05341246290801184,0.12242090784044012,1.2622549019607843,1.4507042253521127,0.9570552147239263,0.8787878787878789,0.01114206128133698,0.010852713178294561,-0.010852713178294561,-0.11125916055962685,0.06455000000000002,0.01880512,-1937295.0,3133285.0
7.0,0.035300000000000005,0.0392,0.0555,0.0446,0.11229814,1.7744243e-06,4.5520268e-05,0.0391,0.0441,0.037000000000000005,0.0359,0.059500000000000004,0.041,0.0397,0.0397,0.09313725490196073,-0.06443914081145587,0.0347826086956522,-0.052348993288590516,0.05741878841088676,-0.052348993288590516,0.1163954943679599,1.2443946188340806,1.4158163265306123,0.9702702702702701,0.8609756097560977,0.022443890274314253,0.02351313969571231,-0.02351313969571231,-0.09463532248342378,0.067525,0.019689139999999987,-1938695.0,3131815.0
7.0,0.031900000000000005,0.036000000000000004,0.0521,0.0415,0.10376158,1.5740216e-06,4.0866464e-05,0.036500000000000005,0.0357,0.035300000000000005,0.034,0.0567,0.0376,0.0361,0.0368,0.08072916666666662,-0.07096774193548383,0.04227941176470588,-0.060382916053019126,0.051041241322988984,-0.060382916053019126,0.13079019073569478,1.2554216867469878,1.447222222222222,0.9631728045325778,0.848404255319149,0.021739130434782573,0.05059523809523809,-0.05059523809523809,-0.09090909090909088,0.06355,0.01728905,-1940375.0,3130665.0
7.0,0.0412,0.0459,0.0629,0.0523,0.13504855,2.6947557e-06,3.6352285e-05,0.045200000000000004,0.0519,0.0438,0.0408,0.0673,0.0475,0.0458,0.0458,0.08844953173777317,-0.06517311608961299,0.033794162826420907,-0.05396096440872563,0.06758596200508966,-0.05396096440872563,0.11871657754010694,1.2026768642447419,1.3703703703703702,0.9315068493150686,0.8673684210526316,0.017130620985010676,0.030588235294117628,-0.030588235294117628,-0.09119496855345911,0.07634999999999999,0.022865619999999996,-1941425.0,3128785.0
5.0,0.0359,0.0541,0.11670000000000001,0.1217,0.09722627,2.504474e-06,2.6265876e-05,0.0383,0.0441,0.037700000000000004,0.0345,0.09870000000000001,0.047,0.039,0.0391,0.5269761606022584,-0.38452787258248,-0.08356545961002786,-0.20222222222222225,0.0734672849046883,-0.20222222222222225,0.5444162436548223,0.9589153656532458,2.157116451016636,0.9151193633952255,0.7638297872340426,-0.07022749752720081,0.024456521739130477,-0.024456521739130477,-0.2653399668325041,0.31917500000000004,0.060394310000000014,-1941645.0,3135945.0
3.0,0.0342,0.0618,0.0795,0.0949,0.101680174,2.5752306e-06,2.7854254e-05,0.0358,0.031400000000000004,0.0332,0.0308,0.06960000000000001,0.06910000000000001,0.0388,0.040600000000000004,0.48165495706479317,-0.2112316528398213,-0.06639839034205226,-0.2875,0.029304482225656885,-0.2875,0.4701781564678544,0.8377239199157007,1.2864077669902914,0.927710843373494,0.4949348769898697,0.05576776165011464,-0.014836795252225532,0.014836795252225532,-0.10227823557925349,0.22335,0.06433617000000001,-1943225.0,3132875.0
3.0,0.0342,0.0614,0.0761,0.08990000000000001,0.10149598,2.340722e-06,3.0432542e-05,0.0352,0.029900000000000003,0.0323,0.030100000000000002,0.07050000000000001,0.068,0.038200000000000005,0.0397,0.4713584288052374,-0.18836748182419036,-0.03819918144611183,-0.28451882845188287,0.028971569393520472,-0.28451882845188287,0.44883158742949236,0.846496106785317,1.2394136807817588,0.9318885448916409,0.5029411764705882,0.051004636785162295,-0.028571428571428553,0.028571428571428553,-0.09316154608523296,0.208625,0.06258419,-1943205.0,3133035.0
3.0,0.0402,0.0625,0.08370000000000001,0.099,0.11695807,1.8138558e-06,3.122501e-05,0.0413,0.0359,0.0368,0.0346,0.07730000000000001,0.0722,0.0446,0.046,0.45802650957290136,-0.22600619195046442,-0.039751552795031064,-0.2171372930866602,0.04825703219252017,-0.2171372930866602,0.42241379310344834,0.8454545454545456,1.3392000000000002,0.9402173913043478,0.556786703601108,0.07201187824795843,-0.04415584415584416,0.04415584415584416,-0.12126696832579194,0.22435,0.06437083000000002,-1943575.0,3131615.0
3.0,0.0346,0.061900000000000004,0.091,0.1047,0.103725605,2.6017724e-06,2.6802905e-05,0.038,0.033,0.035500000000000004,0.033600000000000005,0.08320000000000001,0.0698,0.0409,0.041800000000000004,0.4935805991440799,-0.25690276110444177,-0.044776119402984996,-0.2829015544041451,0.034001382170006894,-0.2829015544041451,0.5032304379038047,0.8691499522445081,1.4701130856219708,0.9464788732394367,0.495702005730659,0.05998481397114652,0.0128388017118403,-0.0128388017118403,-0.13613749434644953,0.256,0.06738143000000002,-1943585.0,3131205.0
3.0,0.036000000000000004,0.06520000000000001,0.0792,0.0935,0.110657215,2.0111888e-06,3.047192e-05,0.038400000000000004,0.0351,0.0361,0.0342,0.0775,0.07,0.0414,0.0424,0.44290123456790126,-0.17832388153749207,-0.01084875558391836,-0.2885375494071146,0.02976476236197792,-0.2885375494071146,0.44401544401544396,0.8470588235294119,1.214723926380368,0.9473684210526316,0.5142857142857143,0.035502958579881644,0.0013869625520110391,-0.0013869625520110391,-0.07362534948741842,0.21335,0.06270483,-1944125.0,3130385.0
3.0,0.030500000000000003,0.0589,0.0767,0.0898,0.102842584,2.5568127e-06,3.3085307e-05,0.032600000000000004,0.0308,0.031100000000000003,0.0291,0.0708,0.061700000000000005,0.034800000000000005,0.0361,0.4855252274607113,-0.20780094149293882,-0.040000000000000015,-0.3176733780760626,0.021455512273542338,-0.3176733780760626,0.4929343308395678,0.8541202672605791,1.302207130730051,0.9356913183279743,0.49432739059967584,0.023217247097844142,0.009740259740259737,-0.009740259740259737,-0.09836065573770497,0.21607500000000002,0.05979708999999998,-1944045.0,3130665.0
3.0,0.024800000000000003,0.049800000000000004,0.06430000000000001,0.07540000000000001,0.08117977,3.0507981e-06,2.685601e-05,0.0256,0.021500000000000002,0.0227,0.0213,0.0716,0.0608,0.028900000000000002,0.031100000000000003,0.5372069317023446,-0.20447284345047925,0.053715967623252286,-0.3351206434316354,0.014500505140547933,-0.3351206434316354,0.5049900199600799,0.8527851458885942,1.2911646586345382,0.9383259911894273,0.4078947368421053,0.09945750452079562,-0.0442105263157895,0.0442105263157895,-0.11235955056179785,0.186875,0.05925507000000003,-1944125.0,3129575.0
5.0,0.0351,0.0881,0.11220000000000001,0.1361,0.12179545,3.0647395e-06,2.6486443e-05,0.035,0.033100000000000004,0.031400000000000004,0.029400000000000003,0.08310000000000001,0.0833,0.0388,0.0408,0.6250746268656715,-0.21409455842997324,-0.14900153609831027,-0.4301948051948052,-0.0004846302963168141,-0.4301948051948052,0.5899532710280374,0.8243938280675974,1.2735527809307605,0.9363057324840763,0.42136854741896757,-0.02800466744457409,-0.05563909774436082,0.05563909774436082,-0.11253776435045323,0.36005,0.09835615999999998,-1944105.0,3129125.0
5.0,0.042300000000000004,0.09860000000000001,0.11960000000000001,0.14500000000000002,0.11991267,2.802044e-06,2.258156e-05,0.0429,0.0398,0.0369,0.034800000000000005,0.0884,0.1,0.0492,0.0521,0.5942825728422211,-0.1904761904761905,-0.15000000000000002,-0.3995741660752306,0.009702809065002042,-0.3995741660752306,0.5483182060864923,0.8248275862068966,1.2129817444219066,0.943089430894309,0.42300000000000004,0.0070493454179254705,-0.0681818181818182,0.0681818181818182,-0.09651202167287504,0.37200000000000005,0.10875349,-1944175.0,3130095.0
3.0,0.0341,0.0609,0.0867,0.1014,0.106389806,2.2761465e-06,2.9975334e-05,0.0358,0.0324,0.0329,0.0308,0.0845,0.0629,0.0376,0.038900000000000004,0.5100521221146687,-0.24953789279112756,-0.012850467289719588,-0.2821052631578948,0.032499165832499156,-0.2821052631578948,0.49667896678966783,0.8550295857988165,1.4236453201970443,0.9361702127659575,0.5421303656597775,0.01615508885298865,-0.017910447761194024,0.017910447761194024,-0.13694117647058818,0.2474,0.06451547999999999,-1943905.0,3129705.0
3.0,0.0344,0.063,0.0921,0.10640000000000001,0.11122627,2.9564947e-06,3.1142383e-05,0.037000000000000005,0.0346,0.035,0.0327,0.08990000000000001,0.0674,0.0397,0.040100000000000004,0.5049504950495048,-0.25619834710743805,-0.012087912087912054,-0.2936344969199179,0.031871405806138696,-0.2936344969199179,0.5113636363636364,0.8656015037593985,1.4619047619047618,0.9342857142857142,0.5103857566765578,0.033742331288343565,0.008645533141210422,-0.008645533141210422,-0.13861386138613857,0.26217500000000005,0.06820844,-1943875.0,3129845.0
3.0,0.0379,0.06520000000000001,0.0891,0.1044,0.12509766,2.2886575e-06,3.321685e-05,0.0397,0.0381,0.0374,0.0351,0.08020000000000001,0.0719,0.0424,0.042800000000000005,0.47249647390691113,-0.23113207547169806,-0.05256940342587118,-0.2647914645974782,0.03883814155221133,-0.2647914645974782,0.46732255797610683,0.853448275862069,1.3665644171779139,0.9385026737967913,0.5271210013908206,0.04886943836615607,-0.006640106241699873,0.006640106241699873,-0.11746590409150902,0.245925,0.06705979000000001,-1943775.0,3129835.0
3.0,0.0413,0.0636,0.08460000000000001,0.09970000000000001,0.12904558,2.162817e-06,3.44198e-05,0.0417,0.0356,0.038900000000000004,0.0363,0.0876,0.0719,0.044500000000000005,0.0454,0.4386724386724387,-0.2210655235762401,0.01742160278745638,-0.21258341277407053,0.05029173008625064,-0.21258341277407053,0.41418439716312055,0.8485456369107321,1.330188679245283,0.9331619537275063,0.5744089012517385,0.06125461254612547,-0.02992518703241894,0.02992518703241894,-0.1151461470327724,0.22262500000000002,0.06357355000000003,-1943725.0,3129915.0
5.0,0.0413,0.07980000000000001,0.10690000000000001,0.1252,0.13031001,2.6960402e-06,2.8822564e-05,0.0426,0.0409,0.04,0.0376,0.08700000000000001,0.0804,0.0454,0.0468,0.5157384987893462,-0.22146341463414632,-0.10263022176379577,-0.3179190751445087,0.0326442541936382,-0.3179190751445087,0.5039039039039039,0.8538338658146966,1.3395989974937343,0.9400000000000001,0.513681592039801,0.0037453183520598588,-0.015990159901599046,0.015990159901599046,-0.11596385542168672,0.30735,0.0820143,-1943905.0,3128965.0
5.0,0.0339,0.0637,0.09630000000000001,0.1092,0.12101769,2.3127584e-06,3.1664622e-05,0.0373,0.0391,0.035300000000000005,0.0335,0.0779,0.0618,0.038200000000000005,0.0392,0.5114186851211071,-0.2631578947368421,-0.10562571756601614,-0.30532786885245905,0.030337969301722254,-0.30532786885245905,0.5262054507337527,0.881868131868132,1.511773940345369,0.9490084985835693,0.5485436893203883,-0.015139442231075743,0.020231213872832443,-0.020231213872832443,-0.14511873350923482,0.273875,0.06526225999999999,-1943935.0,3128635.0
5.0,0.0366,0.057600000000000005,0.08,0.0896,0.12985456,1.63576e-06,3.2569133e-05,0.04,0.039900000000000005,0.038200000000000005,0.036000000000000004,0.07690000000000001,0.0579,0.0413,0.0417,0.40219092331768386,-0.21739130434782605,-0.019757807520713776,-0.22292993630573252,0.043339299411915104,-0.22292993630573252,0.4199683042789223,0.8928571428571429,1.3888888888888888,0.9424083769633508,0.6321243523316062,0.0025974025974025514,0.021390374331550856,-0.021390374331550856,-0.10941960038058987,0.20079999999999998,0.05080276999999998,-1943875.0,3128375.0
3.0,0.038200000000000005,0.0599,0.0829,0.0965,0.11435268,3.0815033e-06,2.7122644e-05,0.0386,0.0398,0.0352,0.033,0.08370000000000001,0.0702,0.041600000000000005,0.0429,0.46545178435839024,-0.23401534526854217,0.004801920768307376,-0.2212028542303771,0.04588515821357223,-0.2212028542303771,0.43281365998515214,0.8590673575129534,1.3839732888146912,0.9375,0.5441595441595443,0.0791698693312836,-0.04087193460490467,0.04087193460490467,-0.13177570093457944,0.22230000000000005,0.06378993,-1943955.0,3128815.0
5.0,0.0325,0.06810000000000001,0.0975,0.11370000000000001,0.105869666,2.487716e-06,3.2042277e-05,0.0358,0.0346,0.0345,0.0322,0.0872,0.0637,0.037000000000000005,0.0375,0.5344129554655871,-0.2508250825082508,-0.05576610720086629,-0.3538767395626243,0.0185250405015144,-0.3538767395626243,0.5554035567715458,0.8575197889182058,1.4317180616740086,0.9333333333333332,0.5102040816326531,-0.033383915022761765,0.02985074626865674,-0.02985074626865674,-0.1289622231871472,0.2893,0.07085609000000001,-1943895.0,3130565.0
5.0,0.032,0.0665,0.1037,0.1197,0.10826894,3.5958437e-06,3.130217e-05,0.0358,0.034800000000000005,0.033800000000000004,0.0323,0.0886,0.059000000000000004,0.0361,0.0366,0.5596091205211726,-0.2857142857142857,-0.07852314092563704,-0.350253807106599,0.020665901262916186,-0.350253807106599,0.5781147000659196,0.8663324979114453,1.5593984962406013,0.9556213017751479,0.5423728813559322,-0.0597609561752988,0.027355623100303997,-0.027355623100303997,-0.1573560767590618,0.312325,0.07064111999999999,-1943825.0,3130255.0
5.0,0.0309,0.06960000000000001,0.1029,0.1202,0.09670332,2.8016984e-06,2.7468734e-05,0.033800000000000004,0.028800000000000003,0.032100000000000004,0.030500000000000003,0.0847,0.0636,0.034800000000000005,0.0357,0.5784635587655942,-0.2665964172813487,-0.09701492537313437,-0.38507462686567173,0.011304026597709628,-0.38507462686567173,0.5909993381866313,0.8560732113144759,1.478448275862069,0.9501557632398754,0.4858490566037736,-0.04504504504504508,0.019047619047619098,-0.019047619047619098,-0.14407866609662245,0.316525,0.07569050000000001,-1943765.0,3130835.0
3.0,0.039900000000000005,0.062400000000000004,0.0888,0.1013,0.11297751,2.0736218e-06,3.072754e-05,0.041100000000000005,0.0376,0.038200000000000005,0.035500000000000004,0.0823,0.0703,0.0442,0.0451,0.4523297491039425,-0.23762981062919972,-0.03798947983635304,-0.21994134897360704,0.049913136442603236,-0.21994134897360704,0.4348441926345609,0.876604146100691,1.4230769230769231,0.9293193717277487,0.5675675675675677,0.05953278070836471,-0.02176696542893726,0.02176696542893726,-0.13592233009708735,0.23377499999999996,0.06392326000000001,-1943475.0,3131975.0
5.0,0.0325,0.0704,0.1097,0.1253,0.09799641,2.468574e-06,3.0260422e-05,0.035500000000000004,0.030100000000000002,0.0333,0.031200000000000002,0.0888,0.0623,0.036500000000000005,0.0373,0.5800756620428752,-0.2805314256515074,-0.10528967254408061,-0.3683187560738581,0.01716364786838567,-0.3683187560738581,0.5880861850443599,0.8754988028731047,1.5582386363636362,0.9369369369369369,0.521669341894061,-0.06103993971363981,0.012158054711246234,-0.012158054711246234,-0.1665299425758818,0.33205,0.07685997,-1942655.0,3133745.0
5.0,0.033,0.0687,0.1044,0.1199,0.08861235,2.5856732e-06,2.6172258e-05,0.035300000000000005,0.0308,0.032600000000000004,0.031400000000000004,0.09000000000000001,0.0658,0.0363,0.0378,0.5724590163934425,-0.27147401908801705,-0.07407407407407404,-0.3510324483775811,0.020839625490788292,-0.3510324483775811,0.5683453237410072,0.8707256046705588,1.5196506550218343,0.9631901840490797,0.5015197568389058,-0.021561338289962824,-0.006097560975609719,0.006097560975609719,-0.15705263157894747,0.3136,0.07616318000000001,-1942485.0,3134505.0
3.0,0.0324,0.065,0.0847,0.0974,0.09543226,2.45336e-06,2.6469374e-05,0.033100000000000004,0.028800000000000003,0.029500000000000002,0.027600000000000003,0.0814,0.06810000000000001,0.0367,0.038200000000000005,0.5350669818754925,-0.19950738916256158,-0.019867549668874156,-0.3347022587268994,0.020326494314933604,-0.3347022587268994,0.5007704160246533,0.8696098562628336,1.303076923076923,0.9355932203389831,0.4757709251101321,0.023290758827948954,-0.04684975767366715,0.04684975767366715,-0.11683357176919405,0.24225000000000002,0.07049275,-1943005.0,3133755.0
3.0,0.0371,0.065,0.09280000000000001,0.1067,0.10415447,2.1805643e-06,2.8998684e-05,0.039400000000000004,0.0344,0.0369,0.0346,0.0838,0.068,0.0409,0.042300000000000004,0.4860724233983287,-0.2428654630168899,-0.05096262740656856,-0.27326150832517143,0.03795650389823553,-0.27326150832517143,0.4840055632823365,0.8697282099343956,1.4276923076923078,0.9376693766937668,0.5455882352941176,0.02255639097744363,-0.002702702702702686,0.002702702702702686,-0.13202614379084976,0.2572,0.06670117000000002,-1943005.0,3132785.0
5.0,0.0397,0.0814,0.1489,0.16590000000000002,0.106300056,2.83221e-06,2.3872753e-05,0.043000000000000003,0.0437,0.041,0.0386,0.11230000000000001,0.0645,0.0432,0.0441,0.6036732721121314,-0.34169025475131426,-0.14012251148545174,-0.3443435177539224,0.04339370365868484,-0.3443435177539224,0.6138132295719846,0.8975286317058468,1.8292383292383292,0.9414634146341464,0.6155038759689923,-0.11583276216586702,0.016109045848822834,-0.016109045848822834,-0.2222942320155541,0.4522500000000001,0.09167246000000003,-1942295.0,3134085.0
5.0,0.0328,0.0641,0.1061,0.12010000000000001,0.09907533,3.3570348e-06,2.5451203e-05,0.0357,0.0358,0.0339,0.031400000000000004,0.096,0.055400000000000005,0.0362,0.0369,0.5597402597402598,-0.3040173724212812,-0.049975259772389896,-0.32301341589267285,0.02879433764980294,-0.32301341589267285,0.5709614126880315,0.8834304746044962,1.6552262090483618,0.9262536873156344,0.592057761732852,-0.07280334728033472,0.01649175412293848,-0.01649175412293848,-0.18515358361774742,0.31415,0.06934625000000001,-1942005.0,3134165.0
5.0,0.0324,0.0637,0.1164,0.129,0.09984507,3.4144698e-06,2.5439704e-05,0.035500000000000004,0.0337,0.033800000000000004,0.0322,0.0949,0.0528,0.0359,0.0368,0.5847665847665848,-0.33886870783601447,-0.10175106483672507,-0.3257023933402706,0.03194239290989657,-0.3257023933402706,0.5985130111524164,0.9023255813953488,1.8273155416012556,0.952662721893491,0.6136363636363636,-0.09356223175965671,0.021148036253776512,-0.021148036253776512,-0.2161830813240702,0.34765,0.07128595,-1942265.0,3133555.0
5.0,0.0383,0.08080000000000001,0.1029,0.1202,0.11441672,2.9550552e-06,2.3688246e-05,0.036000000000000004,0.0318,0.030600000000000002,0.028800000000000003,0.0876,0.0838,0.0422,0.0448,0.5941644562334217,-0.1960199004975124,-0.0803149606299213,-0.3568429890848027,0.019897517801290995,-0.3568429890848027,0.5167192429022082,0.8560732113144759,1.2735148514851484,0.9411764705882353,0.45704057279236276,0.018226002430133587,-0.11175616835994191,0.11175616835994191,-0.1259968102073364,0.30724999999999997,0.09167984000000003,-1942655.0,3135105.0
5.0,0.0346,0.084,0.1192,0.138,0.10711671,3.0564515e-06,2.0186053e-05,0.0356,0.0368,0.032,0.0307,0.0979,0.07780000000000001,0.0388,0.040600000000000004,0.6235294117647059,-0.24324324324324323,-0.09811146936895439,-0.41652613827993257,0.0038783741855414034,-0.41652613827993257,0.5990730011587486,0.863768115942029,1.419047619047619,0.959375,0.4447300771208226,-0.03831891223733002,-0.03903903903903901,0.03903903903903901,-0.14562383612662935,0.37197500000000006,0.09562016999999999,-1942285.0,3135605.0
5.0,0.0263,0.0727,0.1222,0.1386,0.08885081,2.2593795e-06,1.8831359e-05,0.027600000000000003,0.033800000000000004,0.0257,0.0236,0.0995,0.0627,0.0292,0.0302,0.6871576384662204,-0.31187884524372933,-0.10239061795218762,-0.46868686868686865,-0.012728937728937724,-0.46868686868686865,0.6810187992722863,0.8816738816738817,1.6808803301237965,0.9182879377431906,0.4194577352472089,-0.07385524372230423,-0.011538461538461534,0.011538461538461534,-0.21323529411764705,0.3966,0.09184073999999999,-1942005.0,3136495.0
5.0,0.0245,0.0844,0.1427,0.1713,0.078110926,1.6213744e-06,1.6087546e-05,0.0247,0.027700000000000002,0.0228,0.0216,0.1048,0.0722,0.027200000000000002,0.028300000000000002,0.7650695517774344,-0.3398513883457176,-0.1531313131313131,-0.5500459136822774,-0.0502550743514599,-0.5500459136822774,0.7497446373850869,0.8330414477524809,1.6907582938388623,0.9473684210526316,0.3393351800554017,-0.07790549169859516,-0.03594080338266385,0.03594080338266385,-0.22401171303074663,0.5054000000000001,0.11533066,-1941215.0,3136745.0
5.0,0.0304,0.0675,0.10980000000000001,0.127,0.08461071,2.6668727e-06,2.4391644e-05,0.033600000000000005,0.0334,0.031,0.030000000000000002,0.0906,0.060000000000000005,0.0342,0.0354,0.6075949367088608,-0.30591259640102825,-0.09580838323353297,-0.3789581205311543,0.013891158686059805,-0.3789581205311543,0.613722998729352,0.8645669291338584,1.6266666666666667,0.967741935483871,0.5066666666666666,-0.058823529411764705,0.009771986970684036,-0.009771986970684036,-0.17963819941102235,0.3427,0.07708300000000003,-1941475.0,3135115.0
5.0,0.0342,0.0616,0.1037,0.11460000000000001,0.097707935,3.2767175e-06,2.755238e-05,0.0358,0.0391,0.0339,0.031900000000000005,0.10010000000000001,0.0575,0.0366,0.037700000000000004,0.5434343434343434,-0.30079455164585694,-0.017664376840039214,-0.28601252609603345,0.038175864547560105,-0.28601252609603345,0.5403225806451613,0.9048865619546247,1.6834415584415583,0.9410029498525075,0.5947826086956521,-0.034424853064651546,-0.0044052863436123595,0.0044052863436123595,-0.1918755401901469,0.29602500000000004,0.06773471,-1941195.0,3135585.0
5.0,0.0313,0.0637,0.12380000000000001,0.1396,0.08402725,2.6736675e-06,2.1160677e-05,0.033100000000000004,0.0369,0.0317,0.030000000000000002,0.0921,0.053700000000000005,0.034,0.0345,0.6298890834792761,-0.37333989178553856,-0.14682723483094026,-0.34105263157894744,0.029999999999999995,-0.34105263157894744,0.6337039204212991,0.8868194842406877,1.943485086342229,0.9463722397476342,0.5828677839851024,-0.08517887563884158,0.006349206349206311,-0.006349206349206311,-0.24678456591639875,0.38580000000000003,0.07780511999999999,-1940135.0,3133085.0
5.0,0.0323,0.0741,0.1607,0.1733,0.10502545,2.7915717e-06,2.128517e-05,0.0354,0.0342,0.033100000000000004,0.0317,0.1295,0.058300000000000005,0.0361,0.0368,0.6792635658914727,-0.4009700889248181,-0.1075120606478291,-0.39285714285714285,0.024480029449659515,-0.39285714285714285,0.6857976653696498,0.9272937103289094,2.1686909581646425,0.9577039274924469,0.5540308747855918,-0.11933534743202412,0.012232415902140702,-0.012232415902140702,-0.29183400267737614,0.503775,0.09869983999999998,-1941575.0,3131495.0
5.0,0.029900000000000003,0.047900000000000005,0.101,0.1102,0.09857302,2.6028483e-06,3.1198782e-05,0.0328,0.0281,0.031100000000000003,0.029,0.0844,0.0417,0.0329,0.0335,0.5598018400566172,-0.39405439595192915,-0.08953613807982741,-0.23136246786632392,0.0479635584137192,-0.23136246786632392,0.5731620271234833,0.9165154264972777,2.1085594989561587,0.932475884244373,0.7170263788968826,-0.0691964285714286,0.019672131147540975,-0.019672131147540975,-0.2598652550529355,0.29225000000000007,0.055567610000000024,-1941655.0,3130555.0
5.0,0.0344,0.0551,0.10830000000000001,0.1173,0.10806777,2.2199868e-06,3.0850064e-05,0.0383,0.037000000000000005,0.0364,0.034800000000000005,0.0931,0.048400000000000006,0.038400000000000004,0.0391,0.5263500325309044,-0.36078886310904873,-0.07547169811320756,-0.23128491620111735,0.05590230664857529,-0.23128491620111735,0.5464733025708636,0.9232736572890026,1.9655172413793103,0.9560439560439561,0.7107438016528925,-0.06473429951690818,0.028248587570621493,-0.028248587570621493,-0.22699914015477207,0.30405000000000004,0.05909916000000002,-1941365.0,3131005.0
5.0,0.0359,0.057300000000000004,0.0984,0.1095,0.11807473,1.7991662e-06,3.3305587e-05,0.0393,0.038900000000000004,0.037000000000000005,0.034800000000000005,0.0883,0.0538,0.0396,0.04,0.49488054607508525,-0.3129496402877698,-0.054097482592394205,-0.2296137339055794,0.05056880162069502,-0.2296137339055794,0.5061898211829436,0.8986301369863013,1.7172774869109946,0.9405405405405405,0.6672862453531598,-0.03150315031503153,0.015089163237311435,-0.015089163237311435,-0.18639575971731442,0.27149999999999996,0.05844566999999999,-1940985.0,3131715.0
5.0,0.0342,0.05,0.08750000000000001,0.0942,0.10408655,2.7852295e-06,3.3800614e-05,0.0379,0.0374,0.0358,0.0335,0.0872,0.047900000000000005,0.0378,0.0383,0.44923076923076927,-0.3065187239944522,-0.0017172295363480743,-0.18764845605700714,0.052363743638911435,-0.18764845605700714,0.4672897196261682,0.9288747346072187,1.75,0.9357541899441342,0.7139874739039666,-0.021450459652706817,0.022857142857142815,-0.022857142857142815,-0.1861598440545809,0.226375,0.04853861000000002,-1940465.0,3132275.0
3.0,0.033600000000000005,0.0495,0.0717,0.07350000000000001,0.0941401,2.050805e-06,2.7312817e-05,0.0349,0.0367,0.0318,0.030100000000000002,0.08750000000000001,0.058100000000000006,0.0375,0.0388,0.39601139601139607,-0.19512195121951223,0.09924623115577895,-0.1913357400722021,0.04351390553068048,-0.1913357400722021,0.37254901960784315,0.9755102040816325,1.4484848484848485,0.9465408805031447,0.5783132530120482,0.07992565055762085,-0.027522935779816553,0.027522935779816553,-0.13899405083829097,0.164875,0.04979854000000003,-1940825.0,3132815.0
3.0,0.0327,0.061500000000000006,0.10010000000000001,0.111,0.097602986,1.9913912e-06,2.4526496e-05,0.0339,0.032,0.0315,0.030600000000000002,0.0912,0.0655,0.0363,0.0378,0.5578947368421052,-0.2869565217391304,-0.04652378463146892,-0.30573248407643316,0.03110838005991243,-0.30573248407643316,0.5448851774530272,0.9018018018018019,1.6276422764227643,0.9714285714285715,0.499236641221374,0.031496062992125956,-0.01869158878504672,0.01869158878504672,-0.18096931969764332,0.28895000000000004,0.07190458,-1940705.0,3132915.0
3.0,0.031,0.0562,0.09380000000000001,0.10830000000000001,0.10159915,2.3853063e-06,3.0234723e-05,0.0337,0.035300000000000005,0.0322,0.0307,0.0829,0.0523,0.0344,0.035300000000000005,0.5416370106761565,-0.31671732522796353,-0.06168647425014152,-0.2889908256880734,0.032044531367534226,-0.2889908256880734,0.5549174443646806,0.8661126500461681,1.6690391459074734,0.9534161490683231,0.5927342256214149,-0.0359447004608295,0.018987341772151892,-0.018987341772151892,-0.17902692489371755,0.27742500000000003,0.06070507,-1941165.0,3131835.0
3.0,0.0329,0.0568,0.0879,0.1012,0.1143187,2.0788966e-06,3.35106e-05,0.0371,0.0341,0.0351,0.0337,0.08310000000000001,0.0563,0.037200000000000004,0.0379,0.4849596478356566,-0.28101265822784804,-0.02807017543859648,-0.26644370122630995,0.03562180698439357,-0.26644370122630995,0.5093214019388516,0.8685770750988143,1.5475352112676057,0.9601139601139601,0.5843694493783304,-0.004420866489832011,0.03235294117647059,-0.03235294117647059,-0.14339801230477997,0.24732499999999996,0.05712508999999999,-1941755.0,3131035.0
3.0,0.031200000000000002,0.054,0.08600000000000001,0.0999,0.10007174,3.1596242e-06,3.3558852e-05,0.0349,0.0308,0.033,0.030600000000000002,0.0951,0.0524,0.035500000000000004,0.0359,0.5033860045146726,-0.2982456140350877,0.05024848150193261,-0.2676056338028169,0.03379329766263025,-0.2676056338028169,0.5240274599542334,0.8608608608608609,1.5925925925925928,0.9272727272727272,0.5954198473282443,-0.015037593984962381,0.028037383177570083,-0.028037383177570083,-0.16154608523290387,0.2471,0.05715678,-1942275.0,3130295.0
5.0,0.031100000000000003,0.0551,0.096,0.10740000000000001,0.10102233,1.8740594e-06,2.8761828e-05,0.034300000000000004,0.0332,0.0327,0.0304,0.0815,0.0494,0.0346,0.0349,0.5331905781584584,-0.3218461538461539,-0.08169014084507042,-0.27842227378190254,0.035296867695184676,-0.27842227378190254,0.5509025270758122,0.8938547486033519,1.7422867513611615,0.9296636085626911,0.6295546558704455,-0.05454545454545458,0.02507836990595607,-0.02507836990595607,-0.19567262464722476,0.27640000000000003,0.05869152,-1942375.0,3129365.0
5.0,0.032600000000000004,0.051500000000000004,0.0878,0.096,0.10795886,2.7488618e-06,3.0795298e-05,0.034800000000000005,0.0405,0.034,0.031900000000000005,0.0818,0.0477,0.035300000000000005,0.0356,0.4769230769230769,-0.30169491525423725,-0.03537735849056607,-0.2247324613555291,0.04391743522178306,-0.2247324613555291,0.49300155520995337,0.9145833333333333,1.7048543689320388,0.9382352941176472,0.6834381551362685,-0.03830645161290327,0.021021021021020995,-0.021021021021020995,-0.18155053974484792,0.23587499999999995,0.050931509999999985,-1942515.0,3128795.0
3.0,0.032600000000000004,0.0453,0.0693,0.0734,0.11207218,1.8471002e-06,3.7184316e-05,0.0373,0.0362,0.0349,0.0329,0.0775,0.045700000000000005,0.0371,0.0378,0.355493998153278,-0.23673125526537495,0.055858310626702996,-0.1630295250320924,0.04613521952462884,-0.1630295250320924,0.38490566037735846,0.9441416893732969,1.5298013245033113,0.9426934097421203,0.7133479212253829,0.004395604395604445,0.03407407407407402,-0.03407407407407402,-0.13159355913381462,0.159775,0.03781092000000001,-1942555.0,3129415.0
3.0,0.0346,0.0507,0.0882,0.096,0.11799144,3.023669e-06,3.417667e-05,0.038,0.0374,0.0364,0.0339,0.0867,0.0471,0.0385,0.0388,0.4501510574018126,-0.30879345603271985,-0.00857632933104632,-0.18874560375146546,0.05285693193562674,-0.18874560375146546,0.4701378254211333,0.91875,1.7396449704142012,0.9313186813186812,0.7346072186836518,-0.036809815950920234,0.025352112676056377,-0.025352112676056377,-0.18418514946962383,0.23017499999999996,0.04848032000000002,-1942735.0,3128415.0
5.0,0.0328,0.0575,0.1092,0.1213,0.1156904,2.6769637e-06,2.9299503e-05,0.0369,0.036500000000000005,0.0354,0.0337,0.0901,0.0505,0.037000000000000005,0.0375,0.5481812380344607,-0.3568232662192393,-0.09583542398394383,-0.27353266888150607,0.043843951324266286,-0.27353266888150607,0.5743024010382868,0.9002473206924979,1.8991304347826088,0.9519774011299434,0.6495049504950495,-0.0648148148148148,0.038123167155425186,-0.038123167155425186,-0.21783876500857635,0.31857500000000005,0.06314899000000002,-1942595.0,3128105.0
5.0,0.0317,0.05,0.11910000000000001,0.1241,0.09665039,3.4013688e-06,2.7211805e-05,0.0339,0.036000000000000004,0.032600000000000004,0.0303,0.09860000000000001,0.0427,0.034800000000000005,0.0351,0.5839183152520739,-0.4256174612291786,-0.09416628387689482,-0.22399020807833545,0.06671228190215532,-0.22399020807833545,0.5930680359435174,0.9597099113618051,2.382,0.929447852760736,0.7423887587822013,-0.07874865156418555,0.01399688958009339,-0.01399688958009339,-0.30506274340112505,0.340475,0.06265086,-1942875.0,3129095.0
5.0,0.021400000000000002,0.0485,0.12050000000000001,0.13240000000000002,0.06731586,2.580744e-06,2.1673824e-05,0.024800000000000003,0.0206,0.0233,0.022000000000000002,0.0961,0.0375,0.024800000000000003,0.025400000000000002,0.7007064868336546,-0.4637921503593146,-0.11265004616805173,-0.3876967095851216,0.012235409274440242,-0.3876967095851216,0.7217165149544863,0.9101208459214502,2.484536082474227,0.9442060085836911,0.5706666666666668,-0.12790697674418608,0.04250559284116329,-0.04250559284116329,-0.3361581920903955,0.3899500000000001,0.07094088000000001,-1942685.0,3129735.0
5.0,0.034,0.0609,0.139,0.14780000000000001,0.10644903,2.8969407e-06,2.8041693e-05,0.0379,0.0342,0.0361,0.033800000000000004,0.1095,0.049800000000000004,0.0383,0.039,0.6073953235454052,-0.41638715860086245,-0.11871227364185116,-0.2834562697576396,0.06752591762398431,-0.2834562697576396,0.625962596259626,0.9404600811907984,2.2824302134646963,0.9362880886426593,0.6827309236947791,-0.10027100271002708,0.029957203994293836,-0.029957203994293836,-0.2924915950691072,0.41180000000000005,0.07617229,-1942415.0,3130225.0
5.0,0.032600000000000004,0.0476,0.11330000000000001,0.11720000000000001,0.10113112,3.6983251e-06,2.975099e-05,0.035500000000000004,0.0383,0.034300000000000004,0.032100000000000004,0.09630000000000001,0.0424,0.0362,0.0366,0.5471947194719471,-0.4223300970873787,-0.08110687022900763,-0.18703241895261843,0.07236631444124243,-0.18703241895261843,0.5647530040053405,0.9667235494880546,2.380252100840336,0.9358600583090378,0.768867924528302,-0.05777777777777782,0.025411061285500743,-0.025411061285500743,-0.2934397163120568,0.313975,0.057080549999999994,-1942985.0,3128345.0
3.0,0.0429,0.0603,0.0874,0.09570000000000001,0.13648991,2.3353516e-06,3.2213266e-05,0.0461,0.049600000000000005,0.0446,0.0415,0.08600000000000001,0.06860000000000001,0.0485,0.048400000000000006,0.36421952957947257,-0.22692307692307698,-0.008073817762399068,-0.1686046511627907,0.06266684463427658,-0.1686046511627907,0.380952380952381,0.9132706374085684,1.449419568822554,0.9304932735426009,0.6253644314868804,0.06439100077579525,0.01942857142857143,-0.01942857142857143,-0.12279190004308486,0.205775,0.054553250000000005,-1943325.0,3128115.0
3.0,0.0459,0.0649,0.08510000000000001,0.09730000000000001,0.13487679,1.9259155e-06,3.264094e-05,0.0485,0.0506,0.0443,0.0419,0.0815,0.08320000000000001,0.0531,0.0541,0.37429378531073454,-0.19975339087546246,-0.021608643457382986,-0.17148014440433207,0.06254312778370243,-0.17148014440433207,0.35893854748603354,0.8746145940390545,1.3112480739599386,0.945823927765237,0.5516826923076923,0.12356515867656995,-0.01773835920177388,0.01773835920177388,-0.10176619007569385,0.203525,0.06348578000000002,-1943405.0,3128005.0
5.0,0.0375,0.057300000000000004,0.1111,0.11950000000000001,0.12960769,2.7198641e-06,2.9752666e-05,0.042,0.046700000000000005,0.0403,0.038400000000000004,0.0921,0.0522,0.042100000000000005,0.0429,0.49561952440550694,-0.35180995475113125,-0.09350393700787403,-0.20886075949367094,0.06650853024359092,-0.20886075949367094,0.5222929936305734,0.9297071129707113,1.9389179755671901,0.9528535980148883,0.7183908045977011,-0.04657534246575342,0.03598971722365043,-0.03598971722365043,-0.21653704461727383,0.30275,0.05886169000000001,-1943185.0,3128115.0
5.0,0.036000000000000004,0.0506,0.0838,0.0903,0.12219879,2.1610676e-06,3.6683316e-05,0.039,0.0391,0.037700000000000004,0.035500000000000004,0.07200000000000001,0.0492,0.0397,0.040400000000000005,0.4109375,-0.28176011355571334,-0.0757381258023106,-0.16859122401847568,0.05540711573618339,-0.16859122401847568,0.4299287410926365,0.9280177187153931,1.6561264822134387,0.9416445623342174,0.7317073170731708,-0.014028056112224433,0.023066485753052913,-0.023066485753052913,-0.16367168528411846,0.20787499999999998,0.04489798999999999,-1942675.0,3128275.0
5.0,0.0371,0.058800000000000005,0.0994,0.10930000000000001,0.12590401,2.353698e-06,3.42862e-05,0.041100000000000005,0.0442,0.0398,0.0369,0.09050000000000001,0.054400000000000004,0.0414,0.042300000000000004,0.466130114017438,-0.3004164187983343,-0.04686677198525535,-0.22627737226277372,0.05268466790813159,-0.22627737226277372,0.49316939890710393,0.909423604757548,1.6904761904761905,0.9271356783919598,0.6819852941176471,-0.03886925795053004,0.035110533159948,-0.035110533159948,-0.17571059431524547,0.266525,0.05703358000000002,-1942455.0,3129065.0
5.0,0.0341,0.0664,0.11030000000000001,0.1255,0.109102316,2.5518327e-06,2.7582882e-05,0.0362,0.040600000000000004,0.035300000000000005,0.0337,0.0896,0.0631,0.0374,0.038200000000000005,0.5609452736318408,-0.3079729025534132,-0.10355177588794401,-0.32139303482587067,0.031144155307724068,-0.32139303482587067,0.5726817042606517,0.8788844621513945,1.6611445783132532,0.9546742209631727,0.5404120443740095,-0.025482625482625462,0.017291066282420844,-0.017291066282420844,-0.18118609406952968,0.328375,0.07392831999999999,-1942415.0,3127745.0
3.0,0.0337,0.050100000000000006,0.0902,0.09770000000000001,0.11343877,3.207293e-06,3.3058222e-05,0.037700000000000004,0.038200000000000005,0.0367,0.0349,0.08460000000000001,0.0465,0.0383,0.0386,0.4538690476190476,-0.32205683355886333,-0.03203661327231118,-0.19570405727923632,0.051915475828519304,-0.19570405727923632,0.487062404870624,0.9232343909928351,1.8003992015968062,0.9509536784741144,0.7247311827956989,-0.03726708074534167,0.0426136363636364,-0.0426136363636364,-0.18621349928195308,0.23757500000000004,0.04799599000000001,-1942715.0,3128055.0
3.0,0.0352,0.0472,0.0868,0.09050000000000001,0.12171617,2.782914e-06,3.6324553e-05,0.0402,0.0424,0.038400000000000004,0.0367,0.0795,0.0451,0.04,0.0409,0.40418929402637704,-0.3144517066085694,-0.043896572459410706,-0.145631067961165,0.06113275397063232,-0.145631067961165,0.43993635640413686,0.9591160220994475,1.8389830508474576,0.9557291666666666,0.7804878048780488,-0.022751895991332587,0.04347826086956524,-0.04347826086956524,-0.18504128217581348,0.21182500000000004,0.04161960000000001,-1942835.0,3128195.0
3.0,0.0437,0.051300000000000005,0.08650000000000001,0.08420000000000001,0.14595684,2.0038426e-06,3.906609e-05,0.0472,0.0529,0.0463,0.043000000000000003,0.0954,0.0517,0.0477,0.0475,0.2904214559386974,-0.24280442804428046,0.04892798240791639,-0.08000000000000003,0.08246175738171471,-0.08000000000000003,0.3166536356528538,1.0273159144893111,1.6861598440545809,0.9287257019438445,0.8452611218568665,0.003883495145631044,0.02888888888888887,-0.02888888888888887,-0.15991091314031178,0.17275000000000001,0.03825806000000002,-1942645.0,3127715.0
7.0,0.0357,0.040400000000000005,0.058600000000000006,0.049100000000000005,0.11160891,1.249519e-06,4.5600853e-05,0.0391,0.0426,0.038,0.035,0.0608,0.0412,0.0393,0.0398,0.12743972445464988,-0.0972067039106145,0.01842546063651586,-0.06176084099868598,0.05825184831862629,-0.06176084099868598,0.1580188679245283,1.1934826883910388,1.4504950495049505,0.9210526315789475,0.8665048543689321,0.00980392156862739,0.031207598371777428,-0.031207598371777428,-0.11137301119622862,0.07955000000000001,0.02194167000000001,-1942935.0,3127465.0
7.0,0.038400000000000004,0.0426,0.0631,0.0528,0.12850681,1.2057841e-06,4.5288125e-05,0.0415,0.0413,0.0408,0.0386,0.0625,0.0437,0.0417,0.041800000000000004,0.12820512820512817,-0.1069182389937107,-0.004777070063694294,-0.051851851851851795,0.06506244288760281,-0.051851851851851795,0.15789473684210523,1.1950757575757576,1.4812206572769955,0.946078431372549,0.8787185354691076,0.012746234067207459,0.030303030303030293,-0.030303030303030293,-0.11111111111111117,0.08594999999999998,0.02232479999999999,-1942585.0,3127245.0
7.0,0.0431,0.0477,0.0671,0.057800000000000004,0.12808606,8.791655e-07,3.5382967e-05,0.0466,0.051500000000000004,0.0458,0.0432,0.0665,0.0494,0.0472,0.0475,0.11583011583011586,-0.09573459715639814,-0.004491017964071881,-0.050660792951541855,0.07269535742388476,-0.050660792951541855,0.14568880079286425,1.1608996539792389,1.4067085953878409,0.943231441048035,0.8724696356275303,0.017507723995880537,0.030371203599550065,-0.030371203599550065,-0.09597215315763301,0.08904999999999999,0.024172759999999998,-1943505.0,3127635.0
5.0,0.0228,0.0787,0.1034,0.1255,0.09330834,2.078411e-06,2.4557472e-05,0.02,0.013900000000000001,0.0161,0.015000000000000001,0.07680000000000001,0.0756,0.0267,0.029400000000000003,0.7725988700564972,-0.22918707149853082,-0.1476137624861265,-0.5507389162561577,-0.030159833217512165,-0.5507389162561577,0.6925151719487526,0.8239043824701195,1.3138500635324015,0.9316770186335405,0.30158730158730157,-0.02009073233959822,-0.17223650385604114,0.17223650385604114,-0.1477944520236471,0.36255,0.10251174999999998,-1944235.0,3126315.0
5.0,0.0315,0.0794,0.10200000000000001,0.1227,0.1138034,3.0382275e-06,2.6907497e-05,0.031,0.027600000000000003,0.0263,0.0247,0.08220000000000001,0.081,0.037200000000000004,0.0396,0.6469798657718121,-0.21425037110341416,-0.10749185667752441,-0.43192064923354373,-0.0008749495221429504,-0.43192064923354373,0.5914396887159533,0.8312958435207825,1.2846347607052897,0.9391634980988592,0.3888888888888889,0.009975062344139678,-0.08996539792387542,0.08996539792387542,-0.12373737373737377,0.32822500000000004,0.09459510999999998,-1944695.0,3126225.0
5.0,0.0263,0.0587,0.0761,0.0901,0.07057771,3.2740354e-06,2.4451281e-05,0.0246,0.0213,0.0211,0.02,0.0609,0.06420000000000001,0.029900000000000003,0.032600000000000004,0.6205035971223023,-0.2110215053763441,-0.11094890510948903,-0.38117647058823523,0.008727948003714021,-0.38117647058823523,0.5481099656357388,0.8446170921198668,1.2964224872231687,0.9478672985781991,0.4096573208722741,0.04475183075671281,-0.10970464135021098,0.10970464135021098,-0.13086692435118719,0.23525000000000001,0.07035401999999999,-1945065.0,3125895.0
3.0,0.0304,0.0575,0.0717,0.0852,0.08197691,3.2932041e-06,2.433485e-05,0.028800000000000003,0.0261,0.0238,0.0229,0.06520000000000001,0.0649,0.0345,0.037200000000000004,0.563302752293578,-0.19411352487736508,-0.04747991234477714,-0.3083048919226394,0.022085596609562462,-0.3083048919226394,0.47404844290657444,0.8415492957746479,1.2469565217391303,0.9621848739495797,0.46841294298921415,0.060457516339869254,-0.1217712177121771,0.1217712177121771,-0.11890410958904109,0.209125,0.06565968,-1945305.0,3125935.0
3.0,0.0403,0.0512,0.0623,0.07490000000000001,0.1086343,4.4914455e-06,3.216508e-05,0.0381,0.031100000000000003,0.0273,0.0258,0.0599,0.0752,0.0459,0.0483,0.4657534246575342,-0.18794607454401271,-0.019639934533551548,-0.11912568306010929,0.05629082646975292,-0.11912568306010929,0.30034722222222227,0.8317757009345793,1.216796875,0.945054945054945,0.535904255319149,0.18987341772151897,-0.1923076923076923,0.1923076923076923,-0.14253897550111358,0.15460000000000002,0.061092980000000005,-1945475.0,3126135.0
3.0,0.038,0.0541,0.0653,0.0794,0.106286585,4.4153185e-06,3.1889358e-05,0.0357,0.0313,0.027,0.0258,0.0625,0.0734,0.0427,0.0455,0.49248120300751885,-0.18951310861423218,-0.021909233176838787,-0.17480998914223672,0.046857993927937214,-0.17480998914223672,0.3526405451448041,0.8224181360201511,1.2070240295748613,0.9555555555555556,0.5177111716621253,0.15137254901960787,-0.1692307692307692,0.1692307692307692,-0.12772925764192142,0.17275000000000001,0.06307045,-1945695.0,3125945.0
3.0,0.040600000000000004,0.052500000000000005,0.0626,0.0745,0.10996157,4.8226234e-06,3.380321e-05,0.038400000000000004,0.031100000000000003,0.029300000000000003,0.0275,0.0592,0.0718,0.045000000000000005,0.0471,0.43545279383429664,-0.17322834645669286,-0.027914614121510674,-0.12781954887218044,0.055298499040740315,-0.12781954887218044,0.2945264986967853,0.840268456375839,1.1923809523809523,0.9385665529010238,0.5654596100278552,0.1552695092518101,-0.16165951359084407,0.16165951359084407,-0.12663755458515288,0.15087500000000004,0.057622789999999986,-1945375.0,3126205.0
3.0,0.0381,0.0555,0.0694,0.082,0.102379635,3.9665756e-06,2.7081143e-05,0.0351,0.0307,0.0284,0.0267,0.0683,0.07440000000000001,0.042100000000000005,0.0441,0.48550724637681164,-0.19272727272727272,-0.007988380537400173,-0.18589743589743588,0.04673171878673877,-0.18589743589743588,0.3655287260616153,0.8463414634146341,1.2504504504504506,0.9401408450704225,0.5120967741935484,0.14549653579676677,-0.14586466165413534,0.14586466165413534,-0.13336847654190837,0.18132500000000001,0.06461263,-1945165.0,3126335.0
3.0,0.0323,0.0632,0.0806,0.0961,0.093907945,3.0255735e-06,2.5328563e-05,0.0349,0.028,0.027100000000000003,0.025900000000000003,0.0616,0.0733,0.0403,0.0431,0.560064935064935,-0.20652856246076584,-0.13361462728551338,-0.3235602094240838,0.02174721189591078,-0.3235602094240838,0.4968847352024921,0.8387096774193549,1.2753164556962024,0.955719557195572,0.4406548431105048,0.07399267399267397,-0.08754208754208753,0.08754208754208753,-0.11782178217821776,0.23822500000000002,0.07266314000000003,-1945065.0,3126425.0
3.0,0.0446,0.0591,0.07150000000000001,0.0855,0.1139535,3.6244332e-06,2.8778117e-05,0.0426,0.040600000000000004,0.0329,0.0303,0.07050000000000001,0.0876,0.0517,0.054,0.4442567567567568,-0.18257261410788386,-0.007042253521126766,-0.13982642237222756,0.06072194217509706,-0.13982642237222756,0.31437355880092244,0.8362573099415205,1.2098138747884941,0.9209726443768997,0.5091324200913242,0.19427402862985685,-0.1509677419354839,0.1509677419354839,-0.12992700729927006,0.176575,0.07001945,-1944795.0,3126595.0
3.0,0.041100000000000005,0.052000000000000005,0.062,0.0751,0.11874028,3.899032e-06,2.7953141e-05,0.0361,0.0322,0.026500000000000003,0.024800000000000003,0.063,0.0805,0.045000000000000005,0.0472,0.47834645669291337,-0.18174665617623917,0.008000000000000007,-0.11707841031149299,0.05714446571332057,-0.11707841031149299,0.29259896729776247,0.8255659121171771,1.1923076923076923,0.9358490566037736,0.5105590062111802,0.2150943396226415,-0.21597633136094674,0.21597633136094674,-0.14619232907170646,0.15454999999999997,0.06533227999999999,-1944685.0,3126605.0
3.0,0.0376,0.0551,0.066,0.0824,0.10668298,3.880715e-06,2.9050501e-05,0.033,0.0291,0.0246,0.0233,0.069,0.08,0.041100000000000005,0.043500000000000004,0.5401869158878505,-0.19854545454545452,0.02222222222222224,-0.18878101402373249,0.0445487860742098,-0.18878101402373249,0.37333333333333335,0.8009708737864077,1.1978221415607986,0.9471544715447154,0.47000000000000003,0.1843079200592154,-0.2090032154340836,0.2090032154340836,-0.13846153846153847,0.184525,0.07078832000000002,-1944555.0,3126585.0
3.0,0.041100000000000005,0.0623,0.0755,0.0916,0.10599059,3.3220767e-06,3.107631e-05,0.0383,0.0307,0.030000000000000002,0.0279,0.0729,0.08750000000000001,0.046,0.0492,0.506578947368421,-0.1903833658219623,-0.01752021563342312,-0.2050290135396518,0.04766393684086491,-0.2050290135396518,0.3805576488319517,0.824235807860262,1.2118780096308186,0.9299999999999999,0.4697142857142857,0.16822429906542058,-0.15611814345991562,0.15611814345991562,-0.12765957446808512,0.20482499999999998,0.075977,-1944265.0,3126655.0
3.0,0.043500000000000004,0.0632,0.0748,0.0917,0.10759118,2.7407318e-06,2.9338866e-05,0.038,0.026600000000000002,0.029,0.026500000000000003,0.0707,0.0805,0.0456,0.0475,0.5194697597348799,-0.183989670755326,-0.028178694158075644,-0.1846298031865042,0.05286062434722062,-0.1846298031865042,0.3565088757396449,0.8157033805888768,1.1835443037974682,0.9137931034482759,0.5403726708074534,0.12038970076548362,-0.2,0.2,-0.13750000000000007,0.20192500000000002,0.07332539,-1944155.0,3126725.0
3.0,0.0437,0.0626,0.0763,0.0908,0.11797546,3.2670705e-06,3.118079e-05,0.0395,0.0352,0.032100000000000004,0.029500000000000002,0.0762,0.08560000000000001,0.048100000000000004,0.0494,0.4776240846216436,-0.18383311603650587,-0.0006557377049180514,-0.17779868297271872,0.055073490348857806,-0.17779868297271872,0.35018587360594794,0.8403083700440529,1.2188498402555912,0.9190031152647975,0.5105140186915887,0.15519568151147103,-0.1530343007915567,0.1530343007915567,-0.1315417256011316,0.196975,0.07332680000000003,-1943965.0,3126915.0
3.0,0.0287,0.061500000000000006,0.0748,0.0902,0.07908237,2.9548764e-06,2.4860483e-05,0.026000000000000002,0.021,0.020900000000000002,0.02,0.079,0.07300000000000001,0.033600000000000005,0.0361,0.6237623762376238,-0.18918918918918917,0.02730819245773729,-0.36363636363636376,0.012250507947890508,-0.36363636363636376,0.5172413793103448,0.8292682926829269,1.216260162601626,0.9569377990430621,0.3931506849315068,0.0855018587360595,-0.15725806451612898,0.15725806451612898,-0.11891891891891895,0.2309,0.07709616000000001,-1943875.0,3126625.0
3.0,0.0251,0.08560000000000001,0.1348,0.15480000000000002,0.09395292,2.397096e-06,2.2286207e-05,0.0251,0.0257,0.0235,0.0222,0.09290000000000001,0.0704,0.028200000000000003,0.0298,0.7363993269770052,-0.2878535773710483,-0.18401405357927092,-0.5465221318879856,-0.04330111805950353,-0.5465221318879856,0.7209560867148415,0.8708010335917312,1.5747663551401867,0.9446808510638298,0.3565340909090909,-0.09743589743589745,-0.03292181069958849,0.03292181069958849,-0.19462084422861411,0.45445,0.10768824999999999,-1943595.0,3126515.0
3.0,0.034300000000000004,0.06760000000000001,0.0891,0.1029,0.111288495,2.7502506e-06,3.213703e-05,0.0356,0.034800000000000005,0.0334,0.0317,0.07880000000000001,0.0717,0.0392,0.0409,0.5099046221570066,-0.2070381231671554,-0.06134603930911251,-0.32679097154072617,0.02352102637205987,-0.32679097154072617,0.4999999999999999,0.8658892128279883,1.3180473372781063,0.9491017964071856,0.47838214783821487,0.02943287867910978,-0.013293943870014842,0.013293943870014842,-0.10821733273462061,0.25272500000000003,0.07112935000000001,-1943375.0,3126725.0
3.0,0.0323,0.09670000000000001,0.1396,0.1589,0.09962301,2.1466076e-06,2.512491e-05,0.030000000000000002,0.028800000000000003,0.027600000000000003,0.026000000000000002,0.0983,0.0843,0.0352,0.037200000000000004,0.7040214477211795,-0.2433489827856025,-0.1736023539302228,-0.49922480620155046,-0.02820512820512821,-0.49922480620155046,0.6621338912133892,0.8785399622404028,1.4436401240951395,0.9420289855072463,0.3831553973902729,-0.06850828729281773,-0.07846410684474121,0.07846410684474121,-0.1670061099796334,0.4535,0.11650991999999999,-1943415.0,3126075.0
3.0,0.0256,0.0789,0.1268,0.14730000000000001,0.09262665,2.2806585e-06,2.272388e-05,0.027600000000000003,0.027700000000000002,0.026000000000000002,0.0246,0.1014,0.0714,0.029300000000000003,0.030600000000000002,0.6999422965954992,-0.3023872679045093,-0.11130587204206832,-0.5100478468899522,-0.027189781021897803,-0.5100478468899522,0.7038750722961249,0.8608282416836387,1.6070975918884665,0.9461538461538461,0.3585434173669468,-0.04990019960079836,0.007751937984496143,-0.007751937984496143,-0.19109026963657683,0.42379999999999995,0.10092208999999999,-1943265.0,3126275.0
3.0,0.027100000000000003,0.062200000000000005,0.0835,0.0976,0.08003369,2.7118085e-06,2.4507086e-05,0.025900000000000003,0.0238,0.0239,0.0223,0.0839,0.06860000000000001,0.0303,0.0322,0.6065843621399176,-0.22152690863579474,0.002389486260453988,-0.3930571108622621,0.007170079452231768,-0.3930571108622621,0.5653568564554932,0.8555327868852459,1.342443729903537,0.9330543933054393,0.39504373177842567,0.048929663608562705,-0.06274509803921571,0.06274509803921571,-0.1337775499743721,0.256575,0.07574245000000003,-1943455.0,3126465.0
3.0,0.027200000000000002,0.07930000000000001,0.1315,0.152,0.09043596,2.9103755e-06,2.0789146e-05,0.029,0.031900000000000005,0.0275,0.0261,0.10110000000000001,0.0673,0.0304,0.031200000000000002,0.6935933147632313,-0.31431041936878507,-0.13069647463456574,-0.48920187793427233,-0.02186744073536527,-0.48920187793427233,0.6964285714285714,0.8651315789473685,1.6582597730138713,0.9490909090909091,0.4041604754829124,-0.08185538881309692,0.0054844606946983215,-0.0054844606946983215,-0.20181749337372207,0.43597500000000006,0.09919312,-1943135.0,3125885.0
3.0,0.030600000000000002,0.0787,0.1203,0.13520000000000001,0.103984006,2.85376e-06,2.5128033e-05,0.0307,0.0303,0.029300000000000003,0.0274,0.1034,0.0719,0.0329,0.034,0.6437689969604864,-0.2641421224871435,-0.07554760840411263,-0.4400731930466606,-0.0036633086337523827,-0.4400731930466606,0.6308805790108565,0.889792899408284,1.5285895806861498,0.9351535836177474,0.42559109874826145,-0.0451527224435591,-0.021702838063439048,0.021702838063439048,-0.17431906614785994,0.3753,0.09373081000000004,-1943445.0,3125885.0
5.0,0.025,0.0712,0.099,0.11750000000000001,0.074026585,2.3855089e-06,2.401208e-05,0.0229,0.019200000000000002,0.0205,0.0195,0.0805,0.0697,0.028300000000000002,0.0303,0.7028985507246377,-0.24536301006889247,-0.1030640668523677,-0.48024948024948017,-0.012258700859518105,-0.48024948024948017,0.6491228070175438,0.8425531914893617,1.3904494382022472,0.9512195121951219,0.3586800573888092,-0.010645848119233508,-0.09890109890109891,0.09890109890109891,-0.1551001397298556,0.32937500000000003,0.08981778,-1944615.0,3126045.0
5.0,0.0287,0.07490000000000001,0.1008,0.12040000000000001,0.09238576,2.6899606e-06,2.2296585e-05,0.026500000000000003,0.024,0.0234,0.0223,0.08120000000000001,0.07740000000000001,0.032,0.0344,0.674547983310153,-0.23297491039426518,-0.10769230769230766,-0.44594594594594594,-0.0043622766929788314,-0.44594594594594594,0.6150234741784038,0.8372093023255813,1.3457943925233644,0.9529914529914529,0.3708010335917312,0.016414970453053197,-0.10172744721689057,0.10172744721689057,-0.1424790471989413,0.32922500000000005,0.09309360000000003,-1943085.0,3126825.0
5.0,0.031200000000000002,0.0741,0.09770000000000001,0.1165,0.08795566,2.5458066e-06,2.2380234e-05,0.0292,0.0302,0.0264,0.0251,0.08950000000000001,0.0786,0.035300000000000005,0.0374,0.6305108467459763,-0.22245540398740823,-0.043803418803418794,-0.40740740740740733,0.0052486373729897055,-0.40740740740740733,0.5775220040622885,0.8386266094420601,1.318488529014845,0.9507575757575758,0.3969465648854962,0.02946954813359531,-0.08333333333333337,0.08333333333333337,-0.13020604997807986,0.308825,0.08959599,-1943055.0,3126415.0
5.0,0.0258,0.0714,0.10550000000000001,0.12350000000000001,0.087544344,2.6831806e-06,2.3155822e-05,0.0262,0.0246,0.024800000000000003,0.023700000000000002,0.09040000000000001,0.0713,0.029400000000000003,0.031,0.6655428186109238,-0.267316572601334,-0.07708014293006636,-0.4691358024691358,-0.010408024737913876,-0.4691358024691358,0.6543871399866041,0.854251012145749,1.477591036414566,0.9556451612903226,0.36185133239831696,-0.0007007708479327461,-0.019762845849802316,0.019762845849802316,-0.1598939929328622,0.344275,0.08946328999999999,-1942995.0,3126155.0
5.0,0.021400000000000002,0.0824,0.1297,0.1537,0.07208711,1.5582859e-06,1.5037665e-05,0.021,0.0175,0.0196,0.0189,0.0993,0.07010000000000001,0.0241,0.0256,0.773802654356607,-0.30199068191444306,-0.1327510917030568,-0.5876685934489403,-0.05321793573335788,-0.5876685934489403,0.7555682467161622,0.8438516590761224,1.5740291262135924,0.9642857142857143,0.30527817403708984,-0.08065573770491796,-0.04390243902439032,0.04390243902439032,-0.1973058637083994,0.457175,0.10969530999999999,-1943475.0,3127145.0
5.0,0.0217,0.06420000000000001,0.1273,0.1466,0.07302282,2.1741569e-06,1.7069571e-05,0.0253,0.0309,0.0234,0.023200000000000002,0.1018,0.0516,0.0258,0.0264,0.7247058823529412,-0.3908918406072106,-0.11130510694020077,-0.4947613504074506,-0.022005971469645044,-0.4947613504074506,0.7421271538918598,0.8683492496589358,1.9828660436137069,0.9914529914529915,0.42054263565891475,-0.10880829015544047,0.037694013303769404,-0.037694013303769404,-0.260575296108291,0.43195,0.08782687000000002,-1942435.0,3137815.0
5.0,0.0309,0.0833,0.1212,0.1396,0.07899002,2.6195883e-06,1.8020775e-05,0.0303,0.0375,0.0273,0.0257,0.1019,0.075,0.0341,0.036000000000000004,0.6728579988016776,-0.25257963212202783,-0.08650829224562974,-0.4588441330998249,-0.009731381695351454,-0.4588441330998249,0.6375366568914956,0.8681948424068768,1.4549819927971188,0.9413919413919414,0.41200000000000003,-0.05243209096651928,-0.061855670103092765,0.061855670103092765,-0.16507085407889702,0.3893249999999999,0.10000318,-1942935.0,3137905.0
5.0,0.0297,0.0431,0.0541,0.0614,0.07656273,5.0073504e-06,3.389205e-05,0.0297,0.030500000000000003,0.024900000000000002,0.0235,0.0507,0.0489,0.0324,0.0341,0.4229432213209734,-0.1751196172248804,-0.03244274809160305,-0.18406593406593405,0.03529545068268087,-0.18406593406593405,0.3479692645444567,0.8811074918566775,1.2552204176334107,0.9437751004016064,0.6073619631901841,0.06304347826086956,-0.08791208791208788,0.08791208791208788,-0.11436170212765964,0.131575,0.04162555000000001,-1947935.0,3128655.0
5.0,0.035,0.06670000000000001,0.0716,0.0853,0.10006598,3.826767e-06,3.0039158e-05,0.0328,0.0284,0.0222,0.0207,0.0596,0.06770000000000001,0.0388,0.041800000000000004,0.5869767441860465,-0.1223684210526315,-0.09146341463414633,-0.3117010816125861,0.02315742596303718,-0.3117010816125861,0.41812136325852034,0.839390386869871,1.073463268365817,0.9324324324324323,0.51698670605613,0.007440476190476196,-0.2237762237762238,0.2237762237762238,-0.09896907216494842,0.204225,0.07116587999999999,-1948495.0,3129915.0
5.0,0.0297,0.0516,0.0594,0.0712,0.07049674,4.170257e-06,2.9504603e-05,0.0273,0.024800000000000003,0.0195,0.0183,0.0528,0.057800000000000004,0.0318,0.0347,0.570011025358324,-0.15960912052117265,-0.058823529411764726,-0.2693726937269373,0.025341239650928618,-0.2693726937269373,0.41129831516352816,0.8342696629213483,1.1511627906976745,0.9384615384615385,0.513840830449827,0.05667276051188304,-0.20731707317073172,0.20731707317073172,-0.12075471698113203,0.168175,0.05790587,-1948235.0,3129535.0
5.0,0.0268,0.0545,0.0658,0.0779,0.071554855,3.5079538e-06,2.6052006e-05,0.0258,0.0216,0.0204,0.0194,0.0504,0.0551,0.030500000000000003,0.0324,0.5849440488301119,-0.17673716012084592,-0.1325301204819277,-0.34071340713407133,0.014529815180750905,-0.34071340713407133,0.48806112702960835,0.8446726572528883,1.2073394495412844,0.9509803921568627,0.4863883847549909,0.005474452554744555,-0.13559322033898302,0.13559322033898302,-0.11231231231231237,0.19459999999999994,0.05924424999999999,-1948115.0,3129305.0
5.0,0.0302,0.058,0.0649,0.07690000000000001,0.083714925,4.510373e-06,2.9490375e-05,0.0308,0.0281,0.023200000000000002,0.0218,0.057100000000000005,0.059800000000000006,0.0349,0.037000000000000005,0.5364635364635365,-0.1401037805782061,-0.06393442622950815,-0.31519274376417233,0.019630938358853545,-0.31519274376417233,0.43604108309990663,0.8439531859557866,1.1189655172413793,0.939655172413793,0.5050167224080268,0.015280135823429564,-0.13108614232209737,0.13108614232209737,-0.08747855917667235,0.18250000000000005,0.05999179,-1948605.0,3130165.0
1.0,0.0719,0.0818,0.07640000000000001,0.0937,0.16846548,4.1676135e-06,2.9067676e-05,0.0698,0.0454,0.049800000000000004,0.0339,0.062,0.09000000000000001,0.0694,0.07300000000000001,0.30592334494773515,-0.06780626780626786,-0.10404624277456653,-0.06441119063109949,0.09896938466201882,-0.06441119063109949,0.13164251207729466,0.8153681963713981,0.9339853300733498,0.680722891566265,0.7988888888888889,0.0477299185098953,-0.18159408381265407,0.18159408381265407,-0.12348484848484854,0.13657500000000006,0.06824873000000001,-1949245.0,3130255.0
1.0,0.0557,0.0761,0.0795,0.0936,0.12763332,6.097293e-06,2.689217e-05,0.0592,0.037700000000000004,0.0413,0.030500000000000003,0.062,0.0863,0.062200000000000005,0.065,0.38769458858413636,-0.10312315851502651,-0.12367491166077739,-0.15477996965098637,0.06893728508269198,-0.15477996965098637,0.25385130609511053,0.8493589743589743,1.0446780551905388,0.738498789346247,0.645422943221321,0.06280788177339902,-0.14845360824742262,0.14845360824742262,-0.11827956989247307,0.17562499999999998,0.07208231999999998,-1949385.0,3129915.0
4.0,0.171,0.049300000000000004,0.0456,0.0661,0.09111057,9.753168e-07,9.929968e-06,0.2041,0.0592,0.10930000000000001,0.0597,0.06430000000000001,0.0985,0.16720000000000002,0.1991,-0.24629418472063855,-0.14558058925476605,0.17015468607825301,0.5524285065819337,0.3362375533428165,0.5524285065819337,-0.4424293547026571,0.6898638426626323,0.9249492900608519,0.546203110704483,1.736040609137056,0.3328822733423545,-0.22012129860863364,0.22012129860863364,-0.33046683046683045,-0.19467499999999996,-0.0008343499999999907,-1949185.0,3129395.0
3.0,0.0298,0.051300000000000005,0.0609,0.0695,0.092030115,2.4722187e-06,3.3263615e-05,0.031900000000000005,0.0414,0.028200000000000003,0.0264,0.054900000000000004,0.052700000000000004,0.0347,0.0359,0.4227226202661208,-0.15066225165562913,-0.051813471502590656,-0.26510480887792853,0.026338196060623254,-0.26510480887792853,0.39979859013091645,0.8762589928057554,1.1871345029239766,0.9361702127659574,0.5654648956356736,0.013461538461538445,-0.027586206896551675,0.027586206896551675,-0.07719714964370546,0.15425,0.046660710000000015,-1949135.0,3129355.0
3.0,0.0297,0.057,0.0709,0.0819,0.088648,4.028624e-06,3.3545413e-05,0.031,0.0291,0.0263,0.025,0.0608,0.0553,0.0332,0.0346,0.5138632162661737,-0.17926565874730022,-0.07668944570994687,-0.314878892733564,0.02053693672242395,-0.314878892733564,0.46774193548387094,0.8656898656898657,1.243859649122807,0.9505703422053232,0.5370705244122965,-0.015138023152270703,-0.06071428571428572,0.06071428571428572,-0.10186199342825851,0.19790000000000002,0.05648982000000001,-1948975.0,3129405.0
5.0,0.0297,0.0568,0.0711,0.08120000000000001,0.08729127,4.615608e-06,3.4120214e-05,0.0315,0.0329,0.0268,0.024800000000000003,0.0623,0.054200000000000005,0.0335,0.0349,0.5037037037037037,-0.17681159420289858,-0.0659670164917541,-0.3132947976878613,0.02084204240071662,-0.3132947976878613,0.4643823264201984,0.8756157635467979,1.2517605633802815,0.9253731343283583,0.5479704797047971,-0.023423423423423403,-0.051327433628318576,0.051327433628318576,-0.10526315789473681,0.19555,0.055655900000000015,-1948955.0,3129465.0
5.0,0.0307,0.056100000000000004,0.068,0.0786,0.09492165,3.995463e-06,3.3092827e-05,0.0339,0.0351,0.0291,0.028200000000000003,0.057800000000000004,0.0557,0.036000000000000004,0.037700000000000004,0.4596100278551532,-0.16703786191536746,-0.08108108108108107,-0.2926267281105991,0.024087250670710367,-0.2926267281105991,0.4382433668801463,0.8651399491094148,1.2121212121212122,0.9690721649484537,0.5511669658886894,-0.0035778175313059433,-0.026755852842809374,0.026755852842809374,-0.0786885245901639,0.18185,0.051881970000000006,-1948995.0,3129545.0
5.0,0.033600000000000005,0.0591,0.07150000000000001,0.0805,0.105249204,4.093623e-06,3.3801185e-05,0.035300000000000005,0.0369,0.031200000000000002,0.0309,0.0646,0.0546,0.0369,0.0383,0.4413607878245299,-0.1532951289398281,-0.050698016164584886,-0.27508090614886727,0.029227067316157075,-0.27508090614886727,0.41104294478527603,0.8881987577639753,1.2098138747884941,0.9903846153846153,0.6153846153846154,-0.039577836411609474,-0.03703703703703708,0.03703703703703708,-0.07739620707329584,0.18327500000000002,0.05100222000000002,-1949035.0,3129615.0
5.0,0.0334,0.0632,0.0765,0.0879,0.10506088,4.7511753e-06,3.1301992e-05,0.0367,0.032600000000000004,0.031900000000000005,0.0309,0.06330000000000001,0.057800000000000004,0.0381,0.0403,0.46744574290484137,-0.16346790205162143,-0.09442060085836902,-0.30848861283643897,0.024199797341598595,-0.30848861283643897,0.44929925803792253,0.8703071672354948,1.2104430379746833,0.9686520376175547,0.5778546712802768,-0.04462809917355373,-0.02297090352220512,0.02297090352220512,-0.07745098039215684,0.206025,0.05632699000000001,-1949075.0,3129645.0
5.0,0.0307,0.054200000000000005,0.0707,0.0779,0.08687048,3.7700236e-06,3.221231e-05,0.029500000000000002,0.0298,0.0261,0.0245,0.0603,0.046700000000000005,0.031200000000000002,0.0323,0.4980769230769231,-0.17940953822861463,-0.07938931297709922,-0.2767962308598351,0.027311814933688602,-0.2767962308598351,0.434622467771639,0.9075738125802311,1.3044280442804426,0.9386973180076628,0.6573875802997858,-0.0743310208126858,-0.08098591549295774,0.08098591549295774,-0.12604108828428648,0.18637499999999996,0.050114929999999995,-1949115.0,3129685.0
5.0,0.0257,0.046900000000000004,0.0596,0.066,0.077237606,4.7757385e-06,2.8538196e-05,0.027,0.029400000000000003,0.0221,0.020900000000000002,0.0528,0.0489,0.0296,0.031100000000000003,0.49829738933030643,-0.1691762621789194,-0.0604982206405694,-0.2920110192837466,0.02017207301476572,-0.2920110192837466,0.4394765539803708,0.903030303030303,1.2707889125799572,0.9457013574660633,0.5255623721881391,0.020876826722338152,-0.07531380753138073,0.07531380753138073,-0.11430437622468975,0.15812500000000002,0.04787422000000002,-1949145.0,3129715.0
5.0,0.0241,0.044700000000000004,0.055600000000000004,0.06280000000000001,0.07099295,4.771027e-06,2.8403812e-05,0.025900000000000003,0.030000000000000002,0.0216,0.0205,0.053000000000000005,0.0455,0.027700000000000002,0.0298,0.4881516587677726,-0.16837209302325584,-0.02394106813996315,-0.2994186046511628,0.01776533759853764,-0.2994186046511628,0.44533947065592644,0.8853503184713375,1.2438478747203578,0.9490740740740741,0.5296703296703297,0.008869179600886864,-0.05470459518599559,0.05470459518599559,-0.10006901311249135,0.14917500000000006,0.04441890999999999,-1949185.0,3129735.0
3.0,0.024200000000000003,0.0402,0.055900000000000005,0.0594,0.06924116,5.937904e-06,3.1013213e-05,0.026000000000000002,0.0315,0.0234,0.0224,0.0572,0.039,0.026600000000000002,0.0275,0.4347826086956522,-0.19277108433734944,0.011494252873563178,-0.24844720496894407,0.023991018140991558,-0.24844720496894407,0.4210526315789473,0.9410774410774412,1.390547263681592,0.9572649572649572,0.6205128205128206,-0.015151515151515148,-0.016806722689075675,0.016806722689075675,-0.12263489838822707,0.1386,0.03699078000000001,-1949255.0,3129815.0
6.0,0.0228,0.0327,0.0539,0.0555,0.064912684,5.6614904e-06,3.44104e-05,0.0244,0.0291,0.0217,0.0206,0.0529,0.029500000000000002,0.024900000000000002,0.0258,0.43782383419689114,-0.2585034013605442,-0.00936329588014982,-0.17837837837837836,0.02982509972384167,-0.17837837837837836,0.4176245210727969,0.9711711711711712,1.6483180428134558,0.9493087557603687,0.7728813559322034,-0.051446945337620544,-0.024719101123595513,0.024719101123595513,-0.18000000000000002,0.13105,0.029818930000000004,-1949225.0,3129845.0
3.0,0.027800000000000002,0.0437,0.0577,0.0618,0.08455154,6.216973e-06,3.8183025e-05,0.030000000000000002,0.031,0.027,0.0251,0.0575,0.0451,0.032100000000000004,0.033,0.39189189189189183,-0.171563981042654,-0.0017361111111111006,-0.22237762237762237,0.030096237970253722,-0.22237762237762237,0.37946428571428575,0.9336569579288025,1.320366132723112,0.9296296296296297,0.6164079822616408,0.015765765765765747,-0.01459854014598544,0.01459854014598544,-0.10823071937783543,0.136275,0.039165149999999996,-1949115.0,3129825.0
3.0,0.0313,0.0507,0.0599,0.0664,0.090676524,4.0827304e-06,3.7241916e-05,0.031400000000000004,0.0275,0.027800000000000002,0.0256,0.0567,0.0516,0.0341,0.035300000000000005,0.4097664543524415,-0.1340734415029889,-0.02744425385934821,-0.23658536585365852,0.031086036671368122,-0.23658536585365852,0.35926305015353116,0.9021084337349398,1.1814595660749507,0.9208633093525179,0.6065891472868218,0.008797653958944262,-0.05922165820642977,0.05922165820642977,-0.08895522388059698,0.14365,0.04548305,-1949015.0,3129895.0
3.0,0.0327,0.0524,0.061500000000000006,0.0682,0.089947656,3.892022e-06,3.8846163e-05,0.033100000000000004,0.0302,0.029400000000000003,0.0273,0.056600000000000004,0.0534,0.0357,0.0368,0.3975409836065574,-0.13101160862354888,-0.04149026248941576,-0.23149236192714454,0.03313202009369532,-0.23149236192714454,0.3518334985133796,0.9017595307917889,1.1736641221374047,0.9285714285714285,0.6123595505617977,0.009451795841209839,-0.053140096618357446,0.053140096618357446,-0.08338125359401954,0.14567499999999997,0.045941879999999984,-1949015.0,3129845.0
3.0,0.027700000000000002,0.0477,0.057300000000000004,0.0641,0.08065873,4.876286e-06,3.733191e-05,0.028800000000000003,0.0256,0.0253,0.023700000000000002,0.053200000000000004,0.0471,0.031,0.0324,0.43400447427293065,-0.14669051878354206,-0.03710407239819004,-0.2652519893899204,0.024373692246790712,-0.2652519893899204,0.39651416122004357,0.8939157566302652,1.2012578616352203,0.9367588932806326,0.5881104033970276,-0.006329113924050595,-0.045283018867924574,0.045283018867924574,-0.08695652173913043,0.14397500000000002,0.04326069999999999,-1948945.0,3129955.0
3.0,0.029400000000000003,0.0499,0.0601,0.06620000000000001,0.087248005,4.6571017e-06,3.4335222e-05,0.0296,0.029400000000000003,0.0263,0.0246,0.0536,0.0488,0.032,0.0333,0.43135135135135133,-0.14039621016365209,-0.05716798592788038,-0.2585119798234552,0.02687774044758272,-0.2585119798234552,0.38493723849372385,0.9078549848942598,1.2044088176352705,0.935361216730038,0.6024590163934427,-0.011144883485308983,-0.05565529622980255,0.05565529622980255,-0.09146341463414635,0.14820000000000003,0.04481044,-1948925.0,3130035.0
5.0,0.027700000000000002,0.059000000000000004,0.06670000000000001,0.0779,0.090174764,4.362383e-06,2.7627282e-05,0.028200000000000003,0.027200000000000002,0.0217,0.020300000000000002,0.055400000000000005,0.056600000000000004,0.0318,0.034,0.5642570281124498,-0.1380569758948137,-0.09254709254709258,-0.36101499423298733,0.011628566566453006,-0.36101499423298733,0.47537878787878785,0.8562259306803596,1.1305084745762712,0.935483870967742,0.48939929328621906,-0.020761245674740476,-0.12145748987854255,0.12145748987854255,-0.08693149107656879,0.19242499999999996,0.060607640000000004,-1948995.0,3130165.0
1.0,0.08360000000000001,0.1077,0.099,0.1221,0.19512734,4.984957e-06,2.992742e-05,0.0752,0.0468,0.058800000000000005,0.0422,0.0663,0.1027,0.0761,0.08020000000000001,0.3499170812603648,-0.06266318537859006,-0.19782214156079858,-0.1259801359121798,0.10260305884736151,-0.1259801359121798,0.1871657754010695,0.8108108108108109,0.9192200557103064,0.7176870748299319,0.8140214216163584,-0.0237642585551331,-0.1741573033707865,0.1741573033707865,-0.09834586466165415,0.20119999999999996,0.0851598,-1949305.0,3130175.0
5.0,0.036500000000000005,0.0664,0.07390000000000001,0.0863,0.10177253,4.087305e-06,2.9672676e-05,0.0344,0.033,0.0247,0.0224,0.0609,0.06620000000000001,0.039900000000000005,0.042,0.554954954954955,-0.1303208906352325,-0.0964391691394659,-0.2905733722060252,0.02821779367512634,-0.2905733722060252,0.4055374592833876,0.8563151796060255,1.1129518072289157,0.9068825910931174,0.5513595166163142,-0.0015082956259426235,-0.19281045751633993,0.19281045751633993,-0.10843373493975907,0.20345000000000002,0.06879862,-1949255.0,3129625.0
5.0,0.0328,0.056600000000000004,0.0679,0.0761,0.094843075,3.7788866e-06,3.2534797e-05,0.0333,0.034800000000000005,0.0287,0.027600000000000003,0.0589,0.056100000000000004,0.0359,0.038,0.4522900763358778,-0.14694800301431796,-0.07097791798107257,-0.2662192393736018,0.029427098418583094,-0.2662192393736018,0.39761248852157943,0.8922470433639947,1.1996466431095405,0.9616724738675959,0.5846702317290553,-0.004436557231588291,-0.06666666666666672,0.06666666666666672,-0.08923742563547864,0.1728,0.05200307999999999,-1949405.0,3129475.0
5.0,0.027,0.048400000000000006,0.0606,0.0674,0.084517956,3.690478e-06,3.2615815e-05,0.0279,0.0342,0.023700000000000002,0.022500000000000003,0.0579,0.046700000000000005,0.0296,0.0318,0.4796926454445664,-0.1640759930915371,-0.02278481012658229,-0.2838196286472149,0.02213466218565303,-0.2838196286472149,0.42796610169491534,0.8991097922848664,1.2520661157024793,0.949367088607595,0.5781584582441113,-0.017875920084121973,-0.06508875739644965,0.06508875739644965,-0.10536277602523654,0.158675,0.04625468,-1949605.0,3129525.0
3.0,0.0285,0.0466,0.0604,0.0645,0.08186331,4.0707496e-06,3.276225e-05,0.028,0.0309,0.0253,0.023,0.0545,0.0446,0.0297,0.031,0.4365256124721603,-0.1611161116111611,-0.051348999129678004,-0.24101198402130494,0.028827037773359848,-0.24101198402130494,0.38709677419354843,0.9364341085271318,1.296137339055794,0.9090909090909091,0.6390134529147982,-0.02192982456140353,-0.05947955390334575,0.05947955390334575,-0.12176656151419565,0.14670000000000002,0.042479329999999996,-1949695.0,3129805.0
3.0,0.025900000000000003,0.0434,0.0579,0.0618,0.07845398,4.098415e-06,3.3834804e-05,0.0264,0.0285,0.0239,0.022600000000000002,0.055900000000000005,0.0422,0.028,0.029300000000000003,0.442240373395566,-0.17490494296577946,-0.017574692442882203,-0.2525252525252525,0.02505721495217417,-0.2525252525252525,0.4093500570125428,0.9368932038834952,1.3341013824884793,0.9456066945606695,0.613744075829384,-0.014018691588785041,-0.04016064257028116,0.04016064257028116,-0.11882510013351133,0.14335,0.04021158000000001,-1949675.0,3129845.0
5.0,0.0351,0.0656,0.0732,0.08900000000000001,0.0927803,4.061514e-06,3.0252808e-05,0.0308,0.027200000000000002,0.021500000000000002,0.0198,0.0579,0.0687,0.0378,0.0402,0.6108597285067873,-0.1513583441138422,-0.11670480549199086,-0.3028798411122145,0.025179038308514253,-0.3028798411122145,0.43432715551974216,0.8224719101123594,1.1158536585365852,0.9209302325581395,0.5109170305676856,0.023082650781831658,-0.24028268551236745,0.24028268551236745,-0.11822405782137327,0.21575,0.07342190000000001,-1948365.0,3129735.0
5.0,0.031200000000000002,0.0526,0.1126,0.12190000000000001,0.0915665,3.9147376e-06,2.9413613e-05,0.034,0.0341,0.031400000000000004,0.029400000000000003,0.0965,0.0444,0.0344,0.0347,0.5903457273320286,-0.397134670487106,-0.07699665231946438,-0.2553699284009546,0.050567390005972525,-0.2553699284009546,0.5924232527759634,0.9237079573420837,2.140684410646388,0.9363057324840763,0.7027027027027027,-0.0845360824742268,0.003194888178913774,-0.003194888178913774,-0.27369353410097436,0.3308,0.06367305999999998,-1938865.0,3137055.0
5.0,0.0297,0.062200000000000005,0.0935,0.10830000000000001,0.09217703,3.169477e-06,2.7596423e-05,0.031,0.030600000000000002,0.027800000000000002,0.026000000000000002,0.082,0.0704,0.034,0.0352,0.5914768552534901,-0.27038123167155426,-0.06552706552706551,-0.35364526659412404,0.017173804603434747,-0.35364526659412404,0.5695652173913043,0.863342566943675,1.5032154340836013,0.9352517985611511,0.421875,0.06184012066365007,-0.03304347826086954,0.03304347826086954,-0.16556291390728478,0.2845000000000001,0.07686614000000001,-1937945.0,3137625.0
5.0,0.027800000000000002,0.058600000000000006,0.11230000000000001,0.12710000000000002,0.08527189,3.4979462e-06,2.458277e-05,0.030500000000000003,0.030000000000000002,0.028200000000000003,0.0264,0.08990000000000001,0.054400000000000004,0.0309,0.0315,0.6368319381841597,-0.3688745288099084,-0.11078140454995054,-0.3564814814814815,0.020292283347295912,-0.3564814814814815,0.6410587475790833,0.8835562549173879,1.916382252559727,0.9361702127659574,0.5110294117647058,-0.03716814159292037,0.007142857142857161,-0.007142857142857161,-0.24478009773434026,0.35265,0.07505135000000003,-1938175.0,3136885.0
5.0,0.0333,0.0507,0.10540000000000001,0.1105,0.10207371,3.2742976e-06,3.1612824e-05,0.0371,0.040100000000000004,0.0347,0.0322,0.0917,0.045700000000000005,0.038,0.038,0.5220385674931131,-0.3709677419354838,-0.069507864028412,-0.20714285714285713,0.05950639853747716,-0.20714285714285713,0.536856745479833,0.9538461538461539,2.078895463510848,0.9279538904899135,0.7286652078774617,-0.051867219917012417,0.020588235294117622,-0.020588235294117622,-0.2518050541516246,0.28769999999999996,0.056276030000000005,-1938255.0,3136375.0
5.0,0.025,0.0695,0.1057,0.12490000000000001,0.09181189,2.494812e-06,2.6875823e-05,0.0251,0.022500000000000003,0.0219,0.0207,0.0794,0.0716,0.0286,0.0303,0.7016348773841962,-0.28497942386831276,-0.14208535926526206,-0.47089947089947093,-0.010781671159029659,-0.47089947089947093,0.666444296197465,0.8462770216172938,1.520863309352518,0.9452054794520548,0.3491620111731844,0.014883061658398233,-0.0660980810234542,0.0660980810234542,-0.1833408782254414,0.35277500000000006,0.09171014999999999,-1938195.0,3137915.0
5.0,0.0367,0.061200000000000004,0.1114,0.12250000000000001,0.11465141,3.083843e-06,2.9878658e-05,0.041,0.0427,0.038700000000000005,0.0361,0.099,0.0575,0.041600000000000005,0.041800000000000004,0.5198511166253103,-0.3336962438758846,-0.05893536121673001,-0.25025536261491316,0.053747361013370874,-0.25025536261491316,0.5389447236180905,0.9093877551020407,1.8202614379084965,0.9328165374677001,0.6382608695652174,-0.03117101937657963,0.026525198938992064,-0.026525198938992064,-0.20700896495517526,0.31357500000000005,0.06626502999999999,-1938355.0,3135695.0
5.0,0.029400000000000003,0.056100000000000004,0.0998,0.1121,0.09189616,3.2640933e-06,2.9331493e-05,0.032100000000000004,0.032600000000000004,0.0298,0.0279,0.08600000000000001,0.056,0.032600000000000004,0.0333,0.579985905567301,-0.33293697978596903,-0.07427341227125937,-0.31228070175438594,0.02817813765182187,-0.31228070175438594,0.5844522968197879,0.8902765388046386,1.7789661319073082,0.9362416107382551,0.525,-0.000892060660124914,0.0067567567567567155,-0.0067567567567567155,-0.21200750469043153,0.29822499999999996,0.06736191999999999,-1938185.0,3134985.0
7.0,0.0324,0.0519,0.10360000000000001,0.1107,0.10064227,3.1806915e-06,2.8427332e-05,0.0344,0.0405,0.0328,0.0308,0.0964,0.0489,0.035,0.0359,0.5428571428571428,-0.36162361623616235,-0.03600000000000006,-0.23131672597864772,0.051340860973888486,-0.23131672597864772,0.5471698113207547,0.935862691960253,1.996146435452794,0.9390243902439024,0.6625766871165644,-0.029761904761904788,0.006134969325153443,-0.006134969325153443,-0.2437128486511203,0.29025,0.06004317000000001,-1938575.0,3134235.0
5.0,0.0307,0.056100000000000004,0.1097,0.1218,0.09632778,2.8389154e-06,2.398103e-05,0.0334,0.0392,0.031,0.030100000000000002,0.0935,0.050800000000000005,0.034,0.0342,0.5942408376963352,-0.36930860033726814,-0.07972440944881894,-0.2926267281105991,0.037921219355431086,-0.2926267281105991,0.5973770491803279,0.9006568144499179,1.9554367201426024,0.970967741935484,0.6043307086614172,-0.049579045837231044,0.004862236628849241,-0.004862236628849241,-0.23918799646954986,0.329175,0.06735358999999999,-1938775.0,3133185.0
5.0,0.0332,0.0685,0.15030000000000002,0.1642,0.09804805,2.4545668e-06,2.2042312e-05,0.0361,0.0417,0.034,0.0318,0.1218,0.053200000000000004,0.0366,0.037000000000000005,0.656912209889001,-0.411259131929523,-0.10474090407938262,-0.3470993117010816,0.04574854077930273,-0.3470993117010816,0.6636271529888551,0.915347137637028,2.194160583941606,0.9352941176470588,0.6240601503759398,-0.12571898110106822,0.011904761904761934,-0.011904761904761934,-0.29316420014094435,0.4679500000000001,0.08929286000000002,-1939215.0,3134025.0
5.0,0.030500000000000003,0.0584,0.10500000000000001,0.11910000000000001,0.093032174,2.1829724e-06,2.4995694e-05,0.0333,0.037000000000000005,0.0316,0.0304,0.0893,0.0533,0.034,0.0342,0.5806237558062376,-0.3419718309859155,-0.08080288214101906,-0.3138357705286839,0.03008088978766433,-0.3138357705286839,0.5922459893048129,0.8816120906801007,1.7979452054794522,0.9620253164556961,0.5722326454033771,-0.04565801253357207,0.0177133655394525,-0.0177133655394525,-0.2082032991529202,0.31720000000000004,0.06733054999999999,-1939475.0,3133475.0
5.0,0.031,0.0523,0.10360000000000001,0.1119,0.09229404,2.466166e-06,2.8275894e-05,0.0341,0.0356,0.0327,0.0308,0.0863,0.0461,0.034300000000000004,0.035,0.5477178423236514,-0.3629719853836784,-0.09110057925223806,-0.25570228091236497,0.04438182458612189,-0.25570228091236497,0.5661301609517145,0.9258266309204648,1.9808795411089868,0.9418960244648318,0.6724511930585683,-0.06300813008130078,0.026687598116169543,-0.026687598116169543,-0.23656407900780888,0.2955,0.05846501,-1939645.0,3132775.0
5.0,0.0251,0.0678,0.11860000000000001,0.1379,0.07098404,2.2655724e-06,1.7240229e-05,0.026600000000000002,0.025500000000000002,0.0244,0.0229,0.09670000000000001,0.0632,0.0279,0.0284,0.6993222427603203,-0.340787554691298,-0.10171853228053879,-0.45963401506996776,-0.009310471976401178,-0.45963401506996776,0.6920245398773006,0.8600435097897028,1.7492625368731565,0.9385245901639344,0.39715189873417717,-0.03511450381679384,-0.014141414141414125,0.014141414141414125,-0.2261092150170649,0.39482500000000004,0.09070842999999998,-1939085.0,3140075.0
5.0,0.0258,0.07830000000000001,0.12490000000000001,0.1484,0.081066504,1.9420324e-06,1.9907606e-05,0.0262,0.024300000000000002,0.0235,0.022000000000000002,0.1012,0.0734,0.0286,0.0303,0.726585223967423,-0.3092192324658138,-0.10482087571870859,-0.5043227665706052,-0.024693567146819376,-0.5043227665706052,0.703788748564868,0.8416442048517521,1.59514687100894,0.9361702127659576,0.3514986376021798,-0.03230059327620304,-0.04665314401622718,0.04665314401622718,-0.20079681274900393,0.42745,0.10438598000000003,-1939355.0,3140245.0
5.0,0.0258,0.0599,0.10110000000000001,0.11620000000000001,0.079166405,2.4672895e-06,2.1837255e-05,0.028,0.030100000000000002,0.025900000000000003,0.025,0.0898,0.059300000000000005,0.029,0.0298,0.6354679802955665,-0.3197047132311187,-0.05919329491880568,-0.397899649941657,0.0073371082223462804,-0.397899649941657,0.6366197183098592,0.8700516351118761,1.6878130217028382,0.9652509652509652,0.4350758853288364,-0.005033557046979835,0.0019342359767892236,-0.0019342359767892236,-0.198300283286119,0.32030000000000003,0.07542041000000001,-1937395.0,3141645.0
5.0,0.0263,0.0634,0.12390000000000001,0.14070000000000002,0.077169135,2.5871395e-06,2.1657006e-05,0.028800000000000003,0.0279,0.0267,0.025500000000000002,0.0984,0.057,0.0291,0.030100000000000002,0.6810035842293907,-0.378735913767761,-0.11470985155195686,-0.41360089186176136,0.004921981359304651,-0.41360089186176136,0.6850299401197605,0.8805970149253731,1.9542586750788646,0.9550561797752809,0.4614035087719298,-0.05315614617940196,0.007547169811320774,-0.007547169811320774,-0.2563780844834797,0.4025250000000001,0.08506712000000002,-1937085.0,3141365.0
5.0,0.025,0.0627,0.1139,0.1303,0.079862796,2.6032924e-06,1.9328627e-05,0.023700000000000002,0.0262,0.0228,0.021400000000000002,0.0941,0.0658,0.026600000000000002,0.027600000000000003,0.7021554539516655,-0.3502590673575129,-0.09519230769230767,-0.42987457240592936,-0.0003656641374897261,-0.42987457240592936,0.6780424983902126,0.874136607828089,1.8165869218500796,0.9385964912280702,0.3799392097264438,0.024124513618676978,-0.04602510460251047,0.04602510460251047,-0.24573991031390127,0.37329999999999997,0.08929994999999999,-1937795.0,3144955.0
5.0,0.024300000000000002,0.06380000000000001,0.1163,0.1316,0.0857971,3.0711412e-06,2.2978777e-05,0.0241,0.026600000000000002,0.023200000000000002,0.0224,0.09960000000000001,0.06520000000000001,0.026600000000000002,0.0275,0.7002583979328165,-0.34698055271238476,-0.07735062528948583,-0.44835414301929627,-0.005702533420585218,-0.44835414301929627,0.6882617062219372,0.8837386018237082,1.8228840125391848,0.9655172413793103,0.3726993865030675,0.010852713178294561,-0.02315789473684211,0.02315789473684211,-0.23985890652557315,0.37964999999999993,0.08964710000000002,-1938325.0,3145325.0
5.0,0.021500000000000002,0.052700000000000004,0.10740000000000001,0.12200000000000001,0.070945434,2.9527782e-06,1.9774952e-05,0.022000000000000002,0.0256,0.0213,0.0199,0.0926,0.049,0.023,0.023200000000000002,0.702721563154222,-0.39668002289639376,-0.07400000000000004,-0.42048517520215634,0.0019729425028184935,-0.42048517520215634,0.700348432055749,0.8803278688524591,2.0379506641366225,0.9342723004694836,0.4387755102040817,-0.03638151425762046,-0.004672897196261735,0.004672897196261735,-0.27940446650124073,0.353175,0.07550763,-1939125.0,3146265.0
5.0,0.0206,0.055,0.1046,0.12000000000000001,0.06634222,2.8238208e-06,1.710843e-05,0.020200000000000003,0.0236,0.019,0.0176,0.0804,0.056600000000000004,0.0222,0.023,0.7266187050359713,-0.3714285714285714,-0.1308108108108108,-0.455026455026455,-0.006182653241476764,-0.455026455026455,0.7069701280227597,0.8716666666666666,1.9018181818181819,0.9263157894736843,0.36395759717314485,0.01433691756272405,-0.04040404040404043,0.04040404040404043,-0.26592517694641055,0.3496000000000001,0.08093478000000003,-1940075.0,3146805.0
5.0,0.021500000000000002,0.0543,0.1012,0.11670000000000001,0.07342742,3.3899246e-06,2.0367828e-05,0.0221,0.0275,0.0207,0.0195,0.0742,0.056100000000000004,0.0236,0.0244,0.6986899563318777,-0.3649122807017544,-0.15393386545039905,-0.43271767810026374,-0.0009348971613122469,-0.43271767810026374,0.6888567293777135,0.8671808054841473,1.863720073664825,0.9420289855072463,0.38324420677361853,0.016304347826086984,-0.01895734597156403,0.01895734597156403,-0.24885496183206104,0.334525,0.07676599999999999,-1940545.0,3147245.0
5.0,0.024200000000000003,0.0645,0.11380000000000001,0.13140000000000002,0.07186183,2.7957915e-06,1.7984994e-05,0.024900000000000002,0.027700000000000002,0.024,0.023,0.096,0.0599,0.0269,0.027200000000000002,0.6911196911196912,-0.3415007656967841,-0.08484270734032416,-0.4543404735062007,-0.007172314864622552,-0.4543404735062007,0.6889460154241646,0.8660578386605784,1.764341085271318,0.9583333333333333,0.40400667779632726,-0.03697749196141479,-0.004149377593361042,0.004149377593361042,-0.22394678492239475,0.37575000000000003,0.08570618,-1942815.0,3147145.0
5.0,0.019,0.0661,0.1182,0.1359,0.062457006,2.096647e-06,1.6141405e-05,0.018000000000000002,0.0189,0.016300000000000002,0.0155,0.0912,0.06470000000000001,0.020900000000000002,0.0222,0.7858081471747699,-0.34554455445544546,-0.12893982808022922,-0.5534665099882491,-0.03515403515403515,-0.5534665099882491,0.7546804389928987,0.869757174392936,1.7881996974281391,0.9509202453987728,0.29366306027820704,-0.010703363914373074,-0.07648725212464583,0.07648725212464583,-0.2541133455210237,0.408875,0.09816697,-1941605.0,3145915.0
5.0,0.021500000000000002,0.0594,0.11040000000000001,0.1273,0.06578062,2.3420214e-06,1.8485263e-05,0.0205,0.022000000000000002,0.0207,0.0189,0.08940000000000001,0.0589,0.023200000000000002,0.0234,0.7202702702702704,-0.36368505623995706,-0.10510510510510511,-0.46847960444993825,-0.010274595380978352,-0.46847960444993825,0.7110215053763441,0.8672427336999216,1.8585858585858588,0.9130434782608696,0.36502546689303905,-0.0042265426880811535,-0.01895734597156403,0.01895734597156403,-0.25499524262607043,0.370075,0.08552722,-1943025.0,3150925.0
5.0,0.0177,0.033800000000000004,0.075,0.0824,0.051804394,2.9534965e-06,2.3152847e-05,0.0179,0.018500000000000003,0.0173,0.015300000000000001,0.0729,0.0324,0.019200000000000002,0.019,0.6529588766298897,-0.4182444061962134,-0.014198782961460384,-0.31262135922330103,0.01588145896656534,-0.31262135922330103,0.6463536463536464,0.9101941747572815,2.218934911242603,0.8843930635838151,0.5462962962962964,-0.021148036253776512,-0.011428571428571458,0.011428571428571458,-0.30747531734837796,0.23232500000000003,0.04868797000000002,-1944305.0,3150595.0
5.0,0.0199,0.0347,0.08370000000000001,0.0891,0.060013525,3.0621975e-06,2.390612e-05,0.0195,0.0223,0.0195,0.0177,0.0678,0.031100000000000003,0.020800000000000003,0.0207,0.6408839779005524,-0.4394184168012924,-0.10495049504950502,-0.27106227106227104,0.025068709919213797,-0.27106227106227104,0.634862385321101,0.9393939393939396,2.412103746397695,0.9076923076923077,0.6398713826366559,-0.05471124620060789,-0.010152284263959416,0.010152284263959416,-0.3282051282051282,0.25177499999999997,0.0485913,-1943775.0,3150995.0
5.0,0.0221,0.0257,0.060700000000000004,0.049800000000000004,0.06620552,4.594749e-06,3.352033e-05,0.0227,0.0267,0.022500000000000003,0.0212,0.063,0.027600000000000003,0.0236,0.0236,0.3775933609958506,-0.31920529801324504,0.018593371059013715,-0.07531380753138073,0.040981901393800715,-0.07531380753138073,0.3852573018080668,1.2188755020080322,2.3618677042801557,0.9422222222222221,0.8007246376811594,0.03564727954971862,0.008968609865470876,-0.008968609865470876,-0.27679259830377806,0.12360000000000003,0.02610133,-1944895.0,3149795.0
5.0,0.0269,0.057100000000000005,0.0864,0.10200000000000001,0.077722,3.3600031e-06,2.3093255e-05,0.026500000000000003,0.023100000000000002,0.021500000000000002,0.0204,0.0746,0.07,0.0315,0.0324,0.6518218623481781,-0.28221244500314263,-0.07329192546583854,-0.3595238095238096,0.014067914067914066,-0.3595238095238096,0.5826221877424359,0.8470588235294118,1.5131348511383538,0.9488372093023256,0.38428571428571423,0.1014948859166011,-0.11157024793388427,0.11157024793388427,-0.18763102725366873,0.27390000000000003,0.07807863000000001,-1945525.0,3149155.0
5.0,0.0257,0.0648,0.1058,0.12240000000000001,0.083404444,2.8430104e-06,2.0891528e-05,0.024300000000000002,0.027,0.022500000000000003,0.0217,0.0845,0.0703,0.027800000000000002,0.0292,0.6894409937888198,-0.30769230769230776,-0.1119285338938518,-0.4320441988950276,-0.0008856682769726168,-0.4320441988950276,0.6529372045914923,0.8643790849673202,1.6327160493827162,0.9644444444444443,0.3655761024182077,0.04071058475203557,-0.06639004149377588,0.06639004149377588,-0.20642201834862392,0.34492500000000004,0.08836337000000001,-1945115.0,3148685.0
5.0,0.0218,0.055900000000000005,0.0961,0.1119,0.06798932,2.5768697e-06,1.8898116e-05,0.0207,0.0227,0.0194,0.018600000000000002,0.0747,0.0664,0.024300000000000002,0.0256,0.7044935262757045,-0.33373063170441,-0.1252927400468384,-0.4388674388674389,-0.002199701469086347,-0.4388674388674389,0.6738967838444279,0.8588025022341377,1.7191413237924864,0.9587628865979382,0.32831325301204817,0.08585445625511035,-0.058252427184466,0.058252427184466,-0.22557172557172553,0.31870000000000004,0.08199567999999999,-1943615.0,3149285.0
5.0,0.0194,0.059000000000000004,0.10930000000000001,0.1259,0.065935574,2.161765e-06,1.7020564e-05,0.0187,0.019200000000000002,0.0177,0.0171,0.08650000000000001,0.061500000000000006,0.021500000000000002,0.022600000000000002,0.7534818941504179,-0.361817198485668,-0.11644535240040857,-0.5051020408163266,-0.018965050121918185,-0.5051020408163266,0.7329662766689607,0.8681493248610008,1.852542372881356,0.9661016949152542,0.3154471544715447,0.020746887966804996,-0.04582210242587601,0.04582210242587601,-0.2568359375,0.37267500000000003,0.08846150000000001,-1941815.0,3149865.0
5.0,0.0221,0.051500000000000004,0.09000000000000001,0.1042,0.067126475,3.0261635e-06,1.989471e-05,0.022600000000000002,0.0261,0.022000000000000002,0.0207,0.0761,0.059000000000000004,0.0251,0.0253,0.6513470681458002,-0.33847141939627484,-0.08368452739313671,-0.3994565217391305,0.005715592135345227,-0.3994565217391305,0.6500395882818686,0.8637236084452976,1.7475728155339807,0.9409090909090908,0.37457627118644066,0.06787330316742081,-0.002267573696145111,0.002267573696145111,-0.21649484536082475,0.28952500000000003,0.07142194000000002,-1941185.0,3148335.0
5.0,0.0204,0.0585,0.1107,0.12810000000000002,0.06368851,2.3963212e-06,1.8047314e-05,0.0205,0.022500000000000003,0.020300000000000002,0.018500000000000003,0.0852,0.0575,0.022600000000000002,0.0229,0.7264150943396226,-0.3729903536977493,-0.1301684532924962,-0.4828897338403042,-0.013859373556315254,-0.4828897338403042,0.7252525252525253,0.8641686182669789,1.8923076923076922,0.9113300492610837,0.3547826086956522,-0.00862068965517242,-0.002457002457002442,0.002457002457002442,-0.2599711677078327,0.37452500000000005,0.08489561000000001,-1941895.0,3151225.0
5.0,0.021500000000000002,0.0589,0.1115,0.12560000000000002,0.070645005,2.382633e-06,1.7577395e-05,0.0204,0.023,0.0201,0.019100000000000002,0.0926,0.0625,0.023,0.0235,0.7240905971173645,-0.3615176151761518,-0.0926016658500735,-0.4651741293532339,-0.00956093938550078,-0.4651741293532339,0.707681849082257,0.8877388535031846,1.8930390492359932,0.9502487562189056,0.34400000000000003,0.029654036243822065,-0.0336538461538462,0.0336538461538462,-0.26066350710900477,0.36787500000000006,0.08727667000000001,-1942005.0,3154515.0
5.0,0.0284,0.0585,0.0917,0.10300000000000001,0.08106666,3.848332e-06,2.4308934e-05,0.0257,0.029900000000000003,0.023700000000000002,0.0216,0.0787,0.0726,0.031,0.032100000000000004,0.6258879242304657,-0.2755417956656347,-0.07629107981220656,-0.34637514384349827,0.018072724643967333,-0.34637514384349827,0.5677321156773211,0.8902912621359222,1.5675213675213675,0.9113924050632911,0.39118457300275483,0.1075514874141876,-0.09021113243761994,0.09021113243761994,-0.19980019980019983,0.27645,0.0795071,-1949475.0,3151815.0
5.0,0.0267,0.057800000000000004,0.09380000000000001,0.1073,0.07703019,3.8953244e-06,2.3318627e-05,0.023700000000000002,0.029300000000000003,0.0227,0.0205,0.0821,0.0684,0.0284,0.029400000000000003,0.6507692307692308,-0.29981829194427617,-0.06651506537805572,-0.3680473372781065,0.01335820895522388,-0.3680473372781065,0.6014925373134329,0.8741845293569431,1.6228373702422145,0.9030837004405287,0.39035087719298245,0.08399366085578445,-0.08097165991902834,0.08097165991902834,-0.21227364185110661,0.293075,0.07986219,-1950545.0,3152515.0
5.0,0.0269,0.0555,0.0852,0.0984,0.079826154,3.8840412e-06,2.622818e-05,0.0233,0.029300000000000003,0.021500000000000002,0.0193,0.0708,0.0687,0.028900000000000002,0.0302,0.6413678065054211,-0.2787524366471735,-0.09230769230769229,-0.3470873786407767,0.016299070606186718,-0.3470873786407767,0.5706304868316042,0.8658536585365854,1.535135135135135,0.8976744186046511,0.39155749636098985,0.10628019323671495,-0.11157024793388427,0.11157024793388427,-0.19957196361690743,0.263425,0.07618314999999999,-1951885.0,3152845.0
5.0,0.0219,0.0606,0.1037,0.12000000000000001,0.06495055,2.6363014e-06,1.8928666e-05,0.019200000000000002,0.024,0.0177,0.0159,0.0855,0.0666,0.0229,0.0235,0.7429193899782134,-0.3289036544850499,-0.09619450317124732,-0.46909090909090906,-0.009625668449197862,-0.46909090909090906,0.6913319238900635,0.8641666666666666,1.7112211221122111,0.8983050847457628,0.3288288288288288,0.047169811320754755,-0.10606060606060604,0.10606060606060604,-0.24294903513112315,0.34827500000000006,0.08976255000000001,-1947685.0,3154775.0
5.0,0.030500000000000003,0.085,0.1115,0.13390000000000002,0.09161599,2.150631e-06,2.3333349e-05,0.0267,0.030100000000000002,0.0229,0.021400000000000002,0.09340000000000001,0.07730000000000001,0.0324,0.0352,0.7079081632653061,-0.2233896756509822,-0.08833577354807218,-0.47186147186147187,-0.012424565140220084,-0.47186147186147187,0.6289537712895378,0.8327109783420462,1.311764705882353,0.9344978165938865,0.3945666235446313,-0.047443006777572384,-0.1423220973782772,0.1423220973782772,-0.14331723027375204,0.37150000000000005,0.10276575,-1944525.0,3137885.0
5.0,0.0378,0.0758,0.0974,0.11380000000000001,0.109608956,2.9242397e-06,2.2954877e-05,0.035,0.0342,0.029500000000000002,0.027100000000000003,0.08750000000000001,0.085,0.0424,0.0451,0.5882763433356595,-0.20042194092827006,-0.053542455381287136,-0.3345070422535212,0.02453746227529195,-0.3345070422535212,0.5013192612137204,0.8558875219683655,1.2849604221635882,0.9186440677966102,0.4447058823529412,0.0572139303482587,-0.12332838038632984,0.12332838038632984,-0.13565728685426284,0.287725,0.08983516000000001,-1944665.0,3138365.0
5.0,0.054,0.11330000000000001,0.1277,0.1474,0.12379112,2.9980272e-06,2.4170819e-05,0.0473,0.0357,0.0374,0.0332,0.1102,0.1067,0.0568,0.060500000000000005,0.5952380952380952,-0.13080168776371304,-0.07356031946195882,-0.35445307830245076,0.027962115843051347,-0.35445307830245076,0.4637537239324728,0.8663500678426052,1.1270962047661077,0.8877005347593583,0.5060918462980318,-0.030000000000000037,-0.18161925601750542,0.18161925601750542,-0.10725167580743442,0.36739999999999995,0.12018859,-1945205.0,3137855.0
5.0,0.040100000000000004,0.10200000000000001,0.1168,0.13570000000000002,0.11085281,3.2859741e-06,2.4871073e-05,0.0361,0.0251,0.0292,0.0267,0.09330000000000001,0.0976,0.0459,0.05,0.6458459672528806,-0.14177534707614642,-0.11185149928605423,-0.43560872624912034,-0.0022548640639092916,-0.43560872624912034,0.5437997724687145,0.8607221812822401,1.1450980392156862,0.9143835616438356,0.4108606557377049,-0.02204408817635271,-0.15728715728715734,0.15728715728715734,-0.09873949579831932,0.35877500000000007,0.11419346000000001,-1945435.0,3138135.0
5.0,0.038700000000000005,0.0959,0.11610000000000001,0.138,0.11874808,3.3689796e-06,2.1003565e-05,0.035500000000000004,0.032,0.0291,0.0267,0.0976,0.09380000000000001,0.043500000000000004,0.0466,0.6517055655296229,-0.1799914493373237,-0.08656995788488536,-0.424962852897474,0.0011434721194592285,-0.424962852897474,0.5619694397283531,0.841304347826087,1.2106360792492181,0.9175257731958764,0.4125799573560768,-0.011070110701106962,-0.14159292035398235,0.14159292035398235,-0.11607786589762083,0.36607500000000004,0.11104456000000004,-1945365.0,3138545.0
5.0,0.0419,0.08310000000000001,0.09570000000000001,0.11180000000000001,0.122542076,3.7623286e-06,2.561905e-05,0.0381,0.0368,0.030000000000000002,0.026500000000000003,0.0821,0.08030000000000001,0.0444,0.0476,0.5768688293370945,-0.14725500256541818,-0.0764904386951631,-0.32960000000000006,0.026314190215739882,-0.32960000000000006,0.4547820429407939,0.8559928443649374,1.151624548736462,0.8833333333333333,0.5217932752179327,-0.017135862913096676,-0.16550764951321276,0.16550764951321276,-0.11326860841423947,0.273975,0.0880968,-1944445.0,3137305.0
5.0,0.0313,0.0671,0.0995,0.1143,0.084931605,3.077918e-06,2.4616731e-05,0.0333,0.0379,0.0308,0.0292,0.09040000000000001,0.064,0.0345,0.0358,0.5754651964162646,-0.2601984564498346,-0.047919957872564485,-0.3638211382113821,0.016214644077655774,-0.3638211382113821,0.5700549450549449,0.8705161854768154,1.4828614008941876,0.948051948051948,0.4890625,-0.02364607170099165,-0.008051529790660232,0.008051529790660232,-0.15191545574636717,0.2994,0.07463971999999999,-1942915.0,3137205.0
5.0,0.030600000000000002,0.07050000000000001,0.0998,0.115,0.089571044,3.57936e-06,2.3668634e-05,0.0323,0.0378,0.0296,0.028,0.09040000000000001,0.0664,0.0342,0.0358,0.5905947441217151,-0.2398921832884097,-0.04942166140904307,-0.39465875370919884,0.00850943128634237,-0.39465875370919884,0.5796703296703296,0.8678260869565217,1.4156028368794324,0.9459459459459459,0.4608433734939759,-0.029948867786705666,-0.016611295681063138,0.016611295681063138,-0.1393621668851027,0.30400000000000005,0.07850428999999999,-1943035.0,3136665.0
5.0,0.0322,0.0927,0.12100000000000001,0.1466,0.0904438,2.125609e-06,2.0109266e-05,0.0291,0.0286,0.025500000000000002,0.023,0.1033,0.08900000000000001,0.035,0.0378,0.7036606624055782,-0.22524028416213956,-0.0789121711992867,-0.4843875100080064,-0.017917462182405645,-0.4843875100080064,0.639821029082774,0.82537517053206,1.3052858683926645,0.9019607843137254,0.36179775280898874,-0.020363236103467224,-0.11611785095320619,0.11611785095320619,-0.13945704722945335,0.40670000000000006,0.11474882,-1943025.0,3138895.0
5.0,0.0324,0.08080000000000001,0.1061,0.12440000000000001,0.10722443,2.573332e-06,2.1308606e-05,0.0318,0.0317,0.028,0.026600000000000002,0.09730000000000001,0.0757,0.036500000000000005,0.0386,0.6325459317585302,-0.2124756335282651,-0.04326450344149453,-0.4275618374558305,0.0002772194885300131,-0.4275618374558305,0.5867346938775512,0.8528938906752411,1.3131188118811878,0.9500000000000001,0.42800528401585203,-0.032587859424920165,-0.07284768211920527,0.07284768211920527,-0.12647417649450998,0.33315000000000006,0.09220227000000003,-1943375.0,3138645.0
5.0,0.0287,0.0821,0.1165,0.13520000000000001,0.07636731,2.1796463e-06,1.9553596e-05,0.025500000000000002,0.0241,0.0218,0.0198,0.09570000000000001,0.0789,0.0318,0.0341,0.7222929936305732,-0.24436263230556834,-0.09802073515551366,-0.4819494584837545,-0.015983321751216143,-0.4819494584837545,0.6497864551555826,0.8616863905325444,1.4190012180267966,0.9082568807339451,0.3637515842839037,-0.01987577639751558,-0.13663366336633662,0.13663366336633662,-0.1752326993120194,0.3837,0.10548865,-1942725.0,3138995.0
3.0,0.0341,0.0572,0.07010000000000001,0.07690000000000001,0.08344617,2.2369861e-06,2.8456952e-05,0.0327,0.030100000000000002,0.0296,0.0274,0.0634,0.055,0.0352,0.036500000000000005,0.44413145539906107,-0.14690529455630133,-0.05018726591760308,-0.2530120481927711,0.032939933063237614,-0.2530120481927711,0.38558558558558564,0.9115734720416125,1.2255244755244756,0.9256756756756757,0.62,-0.01960784313725491,-0.07064364207221345,0.07064364207221345,-0.10381355932203391,0.17365000000000003,0.052050120000000005,-1947545.0,3134285.0
7.0,0.0352,0.0424,0.07050000000000001,0.0614,0.112219885,2.2568286e-06,4.3415832e-05,0.0391,0.0373,0.0388,0.0362,0.0682,0.042300000000000004,0.038700000000000005,0.0391,0.22554890219560877,-0.1830443159922929,-0.016582552271088756,-0.09278350515463915,0.05993296970493528,-0.09278350515463915,0.2712215320910973,1.1482084690553747,1.662735849056604,0.9329896907216495,0.8321513002364066,-0.00118063754427386,0.04864864864864863,-0.04864864864864863,-0.1470428648941943,0.12204999999999999,0.027646760000000003,-1945275.0,3134885.0
7.0,0.040400000000000005,0.0453,0.0723,0.0594,0.11550343,1.9120334e-06,3.9998606e-05,0.044000000000000004,0.043500000000000004,0.042100000000000005,0.039,0.07100000000000001,0.0461,0.0442,0.0441,0.17044334975369452,-0.1346704871060172,-0.009071877180739676,-0.05717619603267205,0.07234235989349959,-0.05717619603267205,0.19038076152304606,1.2171717171717171,1.5960264900662253,0.9263657957244654,0.876355748373102,0.008752735229759322,0.020606060606060603,-0.020606060606060603,-0.1441624365482234,0.10679999999999996,0.02716176,-1943405.0,3135115.0
7.0,0.032,0.0363,0.0629,0.0517,0.094621375,2.8786837e-06,4.510631e-05,0.0349,0.035300000000000005,0.0339,0.0315,0.0626,0.0361,0.0349,0.0354,0.20794392523364488,-0.17500000000000004,-0.00239043824701191,-0.06295754026354317,0.05616605616605617,-0.06295754026354317,0.23536439665471928,1.2166344294003868,1.7327823691460056,0.9292035398230089,0.8864265927977839,-0.0027624309392265027,0.02883156297420332,-0.02883156297420332,-0.16656422864167178,0.10117499999999999,0.02331929,-1943695.0,3137085.0
5.0,0.0273,0.0955,0.1351,0.1622,0.1020981,2.7332096e-06,2.0405405e-05,0.024,0.0235,0.019200000000000002,0.0172,0.1173,0.09230000000000001,0.031100000000000003,0.033800000000000004,0.7883131201764058,-0.2588280946837408,-0.07052297939778128,-0.5553745928338761,-0.046418533344689546,-0.5553745928338761,0.7118733509234829,0.8329223181257706,1.4146596858638742,0.8958333333333333,0.29577464788732394,-0.01703940362087324,-0.17419354838709677,0.17419354838709677,-0.18066157760814247,0.47514999999999996,0.13093146,-1943225.0,3142125.0
5.0,0.0193,0.0847,0.1723,0.19410000000000002,0.084068686,1.6002894e-06,1.7288605e-05,0.0194,0.0233,0.02,0.0179,0.1293,0.0653,0.0211,0.022000000000000002,0.8131714152265298,-0.39239598278335724,-0.14257294429708228,-0.6288461538461538,-0.15494155154091402,-0.6288461538461538,0.8191190253045922,0.8876867594023699,2.0342384887839433,0.8949999999999999,0.2955589586523737,-0.12933333333333336,0.017811704834605577,-0.017811704834605577,-0.30251529571719926,0.603075,0.12731309999999998,-1942875.0,3141965.0
5.0,0.0324,0.0756,0.09970000000000001,0.12050000000000001,0.09486613,3.6188244e-06,2.7105176e-05,0.027,0.029400000000000003,0.021400000000000002,0.0193,0.0826,0.0834,0.0341,0.0371,0.6983791402396052,-0.2289648138704743,-0.09380142622051564,-0.4,0.007314595326786305,-0.4,0.5761935905820799,0.8273858921161826,1.3187830687830688,0.9018691588785046,0.3884892086330935,0.049056603773584916,-0.20446096654275084,0.20446096654275084,-0.16387665198237886,0.325075,0.09886507,-1943565.0,3142525.0
5.0,0.059300000000000005,0.0989,0.11320000000000001,0.1373,0.14433846,5.23262e-06,2.7842554e-05,0.058600000000000006,0.0669,0.0373,0.0303,0.0897,0.1097,0.066,0.0704,0.572737686139748,-0.16257408975444537,-0.11582060128141944,-0.2503160556257901,0.06140350877192985,-0.2503160556257901,0.3967446592065107,0.8244719592134013,1.1445904954499495,0.8123324396782842,0.5405651777575206,0.05177372962607864,-0.22774327122153215,0.22774327122153215,-0.14352005303281407,0.319125,0.11215012000000003,-1944145.0,3143135.0
7.0,0.020900000000000002,0.0247,0.07740000000000001,0.0606,0.06280801,3.7083148e-06,2.7522357e-05,0.022600000000000002,0.0273,0.020900000000000002,0.02,0.0679,0.025,0.0233,0.0239,0.4871165644171779,-0.4208675263774912,-0.06538196834136276,-0.08333333333333329,0.04680598029221884,-0.08333333333333329,0.4871165644171779,1.2772277227722775,3.1336032388663972,0.9569377990430621,0.8360000000000001,0.006036217303822971,0.0,0.0,-0.37482517482517486,0.1712,0.031431440000000005,-1947165.0,3146395.0
7.0,0.021400000000000002,0.0238,0.045700000000000005,0.031900000000000005,0.06308062,3.8546204e-06,3.6069756e-05,0.0235,0.0241,0.022000000000000002,0.020900000000000002,0.048100000000000004,0.0246,0.0239,0.0241,0.18367346938775514,-0.14542190305206468,0.025586353944562892,-0.05309734513274334,0.03615557855012479,-0.05309734513274334,0.19699812382739215,1.432601880877743,1.9201680672268908,0.95,0.8699186991869919,0.016528925619834683,0.013824884792626722,-0.013824884792626722,-0.2003577817531306,0.065575,0.01626211,-1946525.0,3147825.0
7.0,0.0247,0.0267,0.0487,0.0356,0.069392994,4.894453e-06,3.7961585e-05,0.0258,0.0315,0.0247,0.0235,0.0523,0.0274,0.0267,0.0267,0.18076285240464346,-0.14285714285714282,0.035643564356435634,-0.03891050583657591,0.04276215457817361,-0.03891050583657591,0.18076285240464346,1.3679775280898876,1.8239700374531835,0.951417004048583,0.9014598540145985,0.01293900184842882,0.0,0.0,-0.18770226537216825,0.069475,0.01759813,-1949545.0,3148075.0
7.0,0.0238,0.025500000000000002,0.048400000000000006,0.0361,0.06372471,3.8802564e-06,3.4887576e-05,0.025,0.0292,0.0234,0.022000000000000002,0.051500000000000004,0.0263,0.0258,0.025900000000000003,0.2134453781512605,-0.17207792207792205,0.03103103103103101,-0.034482758620689655,0.04177930695502581,-0.034482758620689655,0.20534223706176957,1.3407202216066483,1.8980392156862746,0.9401709401709403,0.9049429657794678,0.015444015444015418,-0.008474576271186461,0.008474576271186461,-0.20634920634920645,0.07335,0.018123440000000005,-1951045.0,3146735.0
5.0,0.0354,0.0891,0.12140000000000001,0.1446,0.105346814,3.243783e-06,2.4745572e-05,0.0325,0.0437,0.0262,0.022600000000000002,0.0877,0.0858,0.0363,0.040100000000000004,0.6932084309133489,-0.23748395378690632,-0.16116690578670495,-0.43132530120481927,-0.0009097801364670256,-0.43132530120481927,0.6066666666666667,0.8395573997233748,1.3625140291806959,0.8625954198473282,0.4125874125874126,-0.018867924528301872,-0.14935064935064934,0.14935064935064934,-0.16797020484171324,0.39615000000000006,0.10982055999999998,-1946105.0,3143215.0
5.0,0.027100000000000003,0.0847,0.12430000000000001,0.1462,0.08518906,2.9326736e-06,2.3073624e-05,0.0256,0.0333,0.0216,0.0198,0.0815,0.07540000000000001,0.0292,0.0317,0.7425506555423121,-0.26634906886097875,-0.2079689018464529,-0.5152057245080501,-0.028107122129176675,-0.5152057245080501,0.6872475476053087,0.8502051983584132,1.4675324675324677,0.9166666666666667,0.3594164456233422,-0.058088694565896236,-0.11293634496919919,0.11293634496919919,-0.18327471668620557,0.4217,0.10749854000000002,-1946455.0,3143615.0
5.0,0.037200000000000004,0.0627,0.07880000000000001,0.09330000000000001,0.10541456,4.5381275e-06,2.8732567e-05,0.0373,0.039,0.027800000000000002,0.0239,0.06770000000000001,0.0702,0.0388,0.0425,0.5408753096614368,-0.19615384615384612,-0.07576791808873719,-0.2552552552552552,0.03684338521400779,-0.2552552552552552,0.4298850574712644,0.8445873526259379,1.2567783094098883,0.8597122302158273,0.52991452991453,0.05643340857787804,-0.14461538461538465,0.14461538461538465,-0.1451135241855874,0.22052500000000003,0.07013659,-1946415.0,3142685.0
5.0,0.0847,0.077,0.06520000000000001,0.0829,0.14548345,2.8091965e-06,2.2813203e-05,0.0863,0.16010000000000002,0.0458,0.032100000000000004,0.052000000000000005,0.09960000000000001,0.0858,0.09380000000000001,0.28826728826728826,-0.03689806128830521,-0.11262798634812288,0.04761904761904761,0.12739907346128393,0.04761904761904761,-0.010739856801909285,0.7864897466827504,0.8467532467532468,0.7008733624454149,0.8504016064257027,0.12797281993204987,-0.29808429118773944,0.29808429118773944,-0.15752895752895754,0.08472499999999997,0.06821756000000001,-1946455.0,3142225.0
5.0,0.0726,0.09970000000000001,0.10500000000000001,0.1285,0.1574327,5.6739746e-06,2.6860249e-05,0.0611,0.06520000000000001,0.0378,0.0332,0.0857,0.10600000000000001,0.0675,0.07300000000000001,0.5453998797354179,-0.12620508326029795,-0.10120608285264819,-0.15728380731282654,0.09260726819879994,-0.15728380731282654,0.2779711586275485,0.8171206225680935,1.053159478435306,0.8783068783068783,0.6849056603773584,0.030627126883811372,-0.3152173913043478,0.3152173913043478,-0.1439613526570048,0.26895,0.10355455000000005,-1946515.0,3141715.0
5.0,0.06330000000000001,0.07930000000000001,0.07780000000000001,0.0945,0.131896,4.9345254e-06,2.5244324e-05,0.058800000000000005,0.0521,0.028,0.0219,0.0704,0.0903,0.062,0.0673,0.5428571428571429,-0.08745684695051778,-0.04993252361673417,-0.11220196353436185,0.0826182503139389,-0.11220196353436185,0.19771863117870717,0.8232804232804234,0.9810844892812106,0.7821428571428571,0.7009966777408638,0.06485849056603771,-0.38663745892661566,0.38663745892661566,-0.1646718943458522,0.18257500000000004,0.08538346000000002,-1945695.0,3143205.0
5.0,0.0786,0.0925,0.0954,0.11380000000000001,0.14847514,4.9988985e-06,2.6677137e-05,0.061900000000000004,0.0524,0.0408,0.0324,0.0695,0.09230000000000001,0.0656,0.0695,0.4721862871927555,-0.10324769752787209,-0.1570648878107944,-0.08123904149620102,0.11327742076026578,-0.08123904149620102,0.182952182952183,0.8383128295254832,1.0313513513513513,0.7941176470588235,0.8515709642470205,-0.001082251082251038,-0.3165829145728643,0.3165829145728643,-0.16426898628303777,0.2089,0.08599133000000002,-1945205.0,3143635.0
5.0,0.051000000000000004,0.09820000000000001,0.11750000000000001,0.1416,0.12705365,4.4424237e-06,2.3249624e-05,0.0429,0.051300000000000005,0.0281,0.0241,0.0935,0.1131,0.0538,0.059000000000000004,0.6688273423688862,-0.18098415346121766,-0.11374407582938391,-0.31635388739946385,0.03860596877264641,-0.31635388739946385,0.470404984423676,0.8298022598870057,1.1965376782077393,0.8576512455516014,0.4509283819628647,0.07051585423568384,-0.2895069532237674,0.2895069532237674,-0.15887207702888584,0.35887499999999994,0.12415199000000003,-1944475.0,3143795.0
5.0,0.048400000000000006,0.0854,0.10450000000000001,0.1252,0.12795004,4.415977e-06,2.8295248e-05,0.0451,0.0482,0.033,0.0281,0.08850000000000001,0.0926,0.051000000000000004,0.0548,0.5828065739570164,-0.1889838556505223,-0.08290155440414508,-0.2765321375186846,0.045814297664242984,-0.2765321375186846,0.4423963133640553,0.8346645367412141,1.2236533957845435,0.8515151515151514,0.5226781857451405,0.04044943820224718,-0.18918918918918923,0.18918918918918923,-0.1478978978978979,0.302425,0.09797413,-1944285.0,3143435.0
5.0,0.0454,0.0873,0.1034,0.12480000000000001,0.12441993,4.345506e-06,2.7361144e-05,0.0388,0.0402,0.0274,0.0238,0.0941,0.0884,0.0451,0.0487,0.6399474375821289,-0.17680339462517683,-0.04708860759493672,-0.31574981160512433,0.03300995338289026,-0.31574981160512433,0.4665099882491186,0.828525641025641,1.1844215349369989,0.8686131386861314,0.5135746606334841,0.0062606715993170385,-0.24725274725274726,0.24725274725274726,-0.14505579068872645,0.31215,0.10142714999999998,-1943875.0,3142605.0
5.0,0.0179,0.0931,0.157,0.18280000000000002,0.07529676,1.6011714e-06,1.4185756e-05,0.0149,0.0158,0.0143,0.0131,0.12510000000000002,0.08020000000000001,0.0193,0.021,0.8548959918822931,-0.32511779630300836,-0.11308046791917753,-0.6774774774774774,-0.1211779448621554,-0.6774774774774774,0.8216243148978575,0.8588621444201312,1.686358754027927,0.9160839160839161,0.22319201995012466,-0.07443739180611653,-0.11180124223602482,0.11180124223602482,-0.24439701173959444,0.5689750000000001,0.13774382000000002,-1943035.0,3142205.0
5.0,0.033600000000000005,0.09480000000000001,0.14550000000000002,0.16970000000000002,0.105657786,2.9902874e-06,2.0317859e-05,0.031,0.032100000000000004,0.029500000000000002,0.025900000000000003,0.1199,0.092,0.0352,0.037200000000000004,0.7038152610441768,-0.28317580340264653,-0.09645817633760365,-0.4766355140186916,-0.02112882715445562,-0.4766355140186916,0.6694540088539104,0.8573954036535062,1.5348101265822784,0.8779661016949153,0.3652173913043479,-0.014989293361884424,-0.0649762282091918,0.0649762282091918,-0.19479653102068048,0.481575,0.12427022000000001,-1942085.0,3141725.0
5.0,0.026000000000000002,0.0892,0.15360000000000001,0.1759,0.08848362,2.4105996e-06,1.9815925e-05,0.0269,0.027800000000000002,0.0263,0.023,0.0868,0.0758,0.0281,0.030100000000000002,0.7398615232443126,-0.32704639758581666,-0.27787021630615644,-0.5486111111111112,-0.05913978494623657,-0.5486111111111112,0.7424467558197128,0.8732234223990905,1.7219730941704037,0.8745247148288973,0.34300791556728233,-0.08121212121212118,0.005736137667303981,-0.005736137667303981,-0.23098012337217277,0.5206500000000001,0.11780591000000001,-1941945.0,3141725.0
5.0,0.0316,0.0645,0.0852,0.1042,0.08400383,2.8964103e-06,2.2923632e-05,0.031200000000000002,0.0565,0.0246,0.0204,0.0747,0.07150000000000001,0.0323,0.0363,0.6180124223602484,-0.23532898636633073,-0.06566604127579735,-0.3423517169614984,0.01859928168291433,-0.3423517169614984,0.5346097201767305,0.8176583493282149,1.3209302325581396,0.8292682926829269,0.44195804195804195,0.05147058823529416,-0.1245551601423488,0.1245551601423488,-0.15815567674764502,0.2665,0.07942244999999999,-1941435.0,3141905.0
5.0,0.0567,0.09920000000000001,0.11460000000000001,0.14300000000000002,0.13066787,3.222364e-06,2.1695656e-05,0.057,0.1124,0.038400000000000004,0.032600000000000004,0.0854,0.1096,0.0608,0.0699,0.5766262403528115,-0.18084227910817507,-0.14600000000000002,-0.2726106478511867,0.05369762746087831,-0.2726106478511867,0.4321482223335003,0.8013986013986013,1.155241935483871,0.8489583333333334,0.5173357664233577,0.04980842911877391,-0.1924290220820189,0.1924290220820189,-0.1303200263939293,0.33760000000000007,0.11167782,-1941685.0,3141695.0
5.0,0.040400000000000005,0.08940000000000001,0.1173,0.1436,0.11199044,3.5990327e-06,2.180892e-05,0.0478,0.083,0.0298,0.0234,0.09140000000000001,0.1073,0.053200000000000004,0.0582,0.6562860438292965,-0.23261802575107293,-0.12410158121705794,-0.3775038520801232,0.016641560863639625,-0.3775038520801232,0.5608695652173913,0.8168523676880223,1.3120805369127515,0.785234899328859,0.37651444547996277,0.09100152516522622,-0.15099715099715105,0.15099715099715105,-0.16598890942698705,0.37684999999999996,0.11857185,-1941005.0,3142125.0
5.0,0.034800000000000005,0.0809,0.10650000000000001,0.1303,0.09451024,3.0441702e-06,2.4292907e-05,0.0335,0.0417,0.0264,0.0224,0.0949,0.08460000000000001,0.037000000000000005,0.0407,0.6630504148053605,-0.23390151515151514,-0.05759682224429003,-0.3984442523768366,0.008455194400166344,-0.3984442523768366,0.5784373107207753,0.8173445894090561,1.3164400494437578,0.8484848484848485,0.4113475177304965,0.022356495468277997,-0.13725490196078438,0.13725490196078438,-0.15535568274734263,0.34605,0.10113326000000002,-1940775.0,3142175.0
5.0,0.035500000000000004,0.08,0.1057,0.1278,0.07919344,2.9927135e-06,1.9695792e-05,0.0309,0.044700000000000004,0.0252,0.0221,0.0816,0.08410000000000001,0.0361,0.039,0.6705882352941176,-0.2300288739172281,-0.12867058195408432,-0.3852813852813852,0.012106537530266356,-0.3852813852813852,0.5652173913043478,0.8270735524256652,1.32125,0.8769841269841271,0.4221165279429251,0.024984765386959207,-0.16968698517298192,0.16968698517298192,-0.1607069461570078,0.339675,0.09975612,-1940535.0,3142245.0
5.0,0.0334,0.0653,0.0892,0.1071,0.08600327,3.074649e-06,2.4511934e-05,0.0307,0.0787,0.0263,0.0223,0.06670000000000001,0.0665,0.031900000000000005,0.0347,0.6056971514242879,-0.24245939675174016,-0.14432328415651052,-0.3232016210739615,0.024067706955831783,-0.3232016210739615,0.5245551601423487,0.8328664799253035,1.3660030627871365,0.8479087452471483,0.5022556390977443,0.009104704097116894,-0.11892797319932996,0.11892797319932996,-0.16650808753568033,0.27297499999999997,0.07597672000000001,-1940395.0,3142005.0
5.0,0.041100000000000005,0.0745,0.1005,0.1188,0.12510666,2.633223e-06,2.9595389e-05,0.0409,0.049800000000000004,0.0361,0.0316,0.07830000000000001,0.0824,0.0434,0.046200000000000005,0.5338928340865073,-0.2291774443869633,-0.12416107382550333,-0.28892733564013834,0.038469394702798414,-0.28892733564013834,0.48592870544090044,0.845959595959596,1.3489932885906042,0.8753462603878117,0.49878640776699035,0.05035054174633528,-0.06476683937823839,0.06476683937823839,-0.14331853048041987,0.28959999999999997,0.08313620000000001,-1940515.0,3141495.0
5.0,0.0526,0.1129,0.1342,0.15860000000000002,0.14719673,4.133269e-06,2.48593e-05,0.050800000000000005,0.0568,0.034300000000000004,0.030100000000000002,0.1154,0.11520000000000001,0.059300000000000005,0.0651,0.6443753240020736,-0.16832412523020263,-0.07532051282051286,-0.36435045317220544,0.025708362128541825,-0.36435045317220544,0.5018939393939393,0.8461538461538461,1.1886625332152347,0.8775510204081632,0.4565972222222222,0.010083296799649321,-0.21058688147295737,0.21058688147295737,-0.1328077622801698,0.40787500000000004,0.13188976,-1940895.0,3141075.0
5.0,0.053000000000000005,0.1047,0.12760000000000002,0.1537,0.13794841,3.88726e-06,2.7622344e-05,0.0449,0.042300000000000004,0.0318,0.0268,0.1393,0.12840000000000001,0.0572,0.0626,0.6571428571428571,-0.18962848297213622,0.0438366429374297,-0.32783766645529483,0.03838718586025961,-0.32783766645529483,0.48717948717948717,0.8301886792452832,1.2187201528175742,0.8427672955974842,0.4127725856697819,0.10167310167310172,-0.25,0.25,-0.15732137135533492,0.39135,0.13899198,-1940945.0,3140655.0
5.0,0.0344,0.12200000000000001,0.19440000000000002,0.2277,0.12984869,2.8320312e-06,1.9958683e-05,0.0354,0.0402,0.0303,0.027100000000000003,0.1553,0.1105,0.0386,0.0429,0.7651162790697675,-0.30225907921075207,-0.11181012296253938,-0.5601023017902813,-0.11673151750972773,-0.5601023017902813,0.7375047691720719,0.8537549407114625,1.5934426229508196,0.8943894389438944,0.31131221719457014,-0.04946236559139789,-0.06336939721792889,0.06336939721792889,-0.2109023551204022,0.6733750000000001,0.16641820000000002,-1940765.0,3140265.0
5.0,0.0328,0.0937,0.139,0.1661,0.10589529,2.3160098e-06,2.1086867e-05,0.0344,0.0345,0.0318,0.028900000000000002,0.12010000000000001,0.09340000000000001,0.037200000000000004,0.039900000000000005,0.6786255684689237,-0.2786759045419553,-0.0729448089540718,-0.48142292490118577,-0.021176470588235293,-0.48142292490118577,0.6701860231271997,0.8368452739313668,1.4834578441835646,0.9088050314465409,0.3511777301927195,-0.001603420630678753,-0.015479876160990724,0.015479876160990724,-0.1671195652173913,0.464575,0.12004344000000002,-1940535.0,3140045.0
5.0,0.0441,0.1134,0.1567,0.18610000000000002,0.13564897,2.6803434e-06,1.9604819e-05,0.0429,0.0753,0.038700000000000005,0.033600000000000005,0.1154,0.10980000000000001,0.0477,0.051300000000000005,0.6556939501779359,-0.24273789649415697,-0.1517824329290702,-0.44,-0.005735093309057807,-0.44,0.6168549087749783,0.8420204191295002,1.3818342151675485,0.8682170542635659,0.40163934426229503,-0.01612903225806448,-0.06521739130434775,0.06521739130434775,-0.1546866014951121,0.50615,0.13639623000000003,-1940525.0,3139715.0
5.0,0.038700000000000005,0.0913,0.12440000000000001,0.1499,0.12819454,2.827078e-06,2.3765115e-05,0.0347,0.0386,0.031200000000000002,0.0275,0.1037,0.097,0.0413,0.0438,0.6554389839867476,-0.24295190713101159,-0.09074967119684352,-0.4046153846153846,0.008339709257842403,-0.4046153846153846,0.5896076352067867,0.8298865910607072,1.362541073384447,0.8814102564102564,0.3989690721649485,0.030270844397238428,-0.10729613733905584,0.10729613733905584,-0.15714792479602702,0.40117500000000006,0.11469158000000003,-1940335.0,3139475.0
5.0,0.0446,0.0784,0.09390000000000001,0.1131,0.1313095,2.7788042e-06,2.4576942e-05,0.0483,0.0743,0.0386,0.034300000000000004,0.08700000000000001,0.0936,0.0541,0.0575,0.49110085695451555,-0.181201044386423,-0.03814262023217249,-0.27479674796747966,0.040826395312981816,-0.27479674796747966,0.4343690551680406,0.830238726790451,1.1977040816326532,0.8886010362694301,0.47649572649572647,0.08837209302325585,-0.0721153846153846,0.0721153846153846,-0.10270700636942683,0.260425,0.08596030000000003,-1940425.0,3139215.0
5.0,0.0218,0.068,0.14,0.1621,0.075219415,1.7459095e-06,1.7869512e-05,0.023100000000000002,0.0251,0.0217,0.020200000000000003,0.1182,0.054,0.024300000000000002,0.0247,0.763873775843308,-0.4089526292916123,-0.08443067389620455,-0.5144766146993319,-0.035545023696682485,-0.5144766146993319,0.7629146275149536,0.8636644046884641,2.058823529411765,0.9308755760368664,0.40370370370370373,-0.11475409836065578,-0.0022988505747126298,0.0022988505747126298,-0.2944,0.48505,0.09986413000000001,-1944865.0,3146015.0
7.0,0.0207,0.0228,0.0453,0.0315,0.056593683,4.243052e-06,3.595754e-05,0.021500000000000002,0.022500000000000003,0.0207,0.0193,0.0482,0.0235,0.0222,0.0224,0.20689655172413796,-0.1602209944751381,0.03101604278074866,-0.048275862068965544,0.035402017731580554,-0.048275862068965544,0.20689655172413796,1.438095238095238,1.9868421052631577,0.9323671497584541,0.8808510638297872,0.015118790496760242,0.0,0.0,-0.2210915818686402,0.066775,0.01673779000000001,-1946345.0,3149195.0
7.0,0.0238,0.0269,0.056100000000000004,0.042100000000000005,0.073256746,4.2506754e-06,3.525307e-05,0.026600000000000002,0.031900000000000005,0.0247,0.0235,0.057300000000000004,0.027800000000000002,0.0269,0.027100000000000003,0.2604790419161678,-0.22028985507246382,0.01058201058201058,-0.06114398422090727,0.04264503891686834,-0.06114398422090727,0.27769347496206376,1.332541567695962,2.0855018587360594,0.951417004048583,0.8561151079136691,0.01645338208409509,0.018556701030927793,-0.018556701030927793,-0.22640061396776667,0.09447500000000002,0.02101456,-1944965.0,3144755.0
7.0,0.0198,0.0217,0.046700000000000005,0.0313,0.057659995,4.6549617e-06,3.5733392e-05,0.0195,0.0246,0.0195,0.0176,0.0497,0.022000000000000002,0.0205,0.0207,0.23228346456692917,-0.1811320754716981,0.03112033195020742,-0.04578313253012045,0.03476086276961551,-0.04578313253012045,0.22504892367906063,1.4920127795527158,2.152073732718894,0.9025641025641026,0.9,0.0068649885583524405,-0.007633587786259584,0.007633587786259584,-0.2570888468809074,0.0704,0.01739499000000001,-1951315.0,3151495.0
7.0,0.0238,0.025900000000000003,0.0483,0.0345,0.062732115,3.918582e-06,3.394886e-05,0.0229,0.0233,0.0227,0.02,0.0514,0.026000000000000002,0.0245,0.024200000000000003,0.2062937062937063,-0.14238410596026488,0.03109327983951854,-0.04225352112676058,0.041128588040883776,-0.04225352112676058,0.1835334476843911,1.4,1.8648648648648647,0.8810572687224669,0.9153846153846154,0.0019267822736030711,-0.02365591397849463,0.02365591397849463,-0.22203389830508471,0.0698,0.01913671,-1948865.0,3151015.0
7.0,0.0207,0.0223,0.0441,0.0302,0.05392437,4.474923e-06,3.4552253e-05,0.021,0.028,0.0212,0.020200000000000003,0.0485,0.0233,0.0219,0.0222,0.17509727626459146,-0.15047619047619049,0.04751619870410368,-0.037209302325581416,0.035751138088012134,-0.037209302325581416,0.18664047151277016,1.4602649006622517,1.9775784753363228,0.9528301886792454,0.8884120171673819,0.02192982456140353,0.011933174224343686,-0.011933174224343686,-0.2078285181733457,0.061799999999999994,0.015290799999999997,-1948105.0,3151945.0
7.0,0.0263,0.028,0.053000000000000005,0.0367,0.07398093,4.704821e-06,4.075249e-05,0.025500000000000002,0.031200000000000002,0.025900000000000003,0.023200000000000002,0.0548,0.028900000000000002,0.027100000000000003,0.027200000000000002,0.17252396166134185,-0.13446676970633697,0.016697588126159516,-0.03130755064456722,0.04737700803212853,-0.03130755064456722,0.16507936507936513,1.444141689373297,1.892857142857143,0.8957528957528957,0.9100346020761245,0.01581722319859405,-0.007662835249042098,0.007662835249042098,-0.21532567049808435,0.07225000000000001,0.01949529,-1949885.0,3153285.0
7.0,0.0246,0.027,0.0521,0.0359,0.07311736,5.28754e-06,4.1739746e-05,0.024300000000000002,0.0303,0.024300000000000002,0.0216,0.055400000000000005,0.027800000000000002,0.025900000000000003,0.025900000000000003,0.1926910299003322,-0.1414944356120827,0.030697674418604687,-0.04651162790697673,0.04334987748947666,-0.04651162790697673,0.18677685950413225,1.4512534818941503,1.9296296296296296,0.8888888888888888,0.8848920863309352,0.01459854014598544,-0.006134969325153337,0.006134969325153337,-0.22426177174780523,0.07390000000000001,0.019983600000000008,-1951435.0,3154525.0
7.0,0.021500000000000002,0.023200000000000002,0.0455,0.031100000000000003,0.059092563,5.2341757e-06,4.12625e-05,0.0212,0.0219,0.021,0.018600000000000002,0.0487,0.023700000000000002,0.022600000000000002,0.0222,0.19385796545105566,-0.14548802946593004,0.03397027600849258,-0.03803131991051454,0.0372811031789615,-0.03803131991051454,0.18250950570342203,1.463022508038585,1.961206896551724,0.8857142857142858,0.9071729957805907,0.01066098081023455,-0.011764705882352951,0.011764705882352951,-0.2316176470588235,0.06415000000000001,0.017216570000000007,-1946615.0,3154405.0
7.0,0.020800000000000003,0.023200000000000002,0.046900000000000004,0.031200000000000002,0.05586934,4.3649256e-06,3.7012294e-05,0.0207,0.023200000000000002,0.020300000000000002,0.0189,0.0495,0.0228,0.0217,0.0217,0.2116504854368932,-0.14705882352941177,0.02697095435684645,-0.05454545454545452,0.03563253943705537,-0.05454545454545452,0.19999999999999998,1.5032051282051282,2.021551724137931,0.9310344827586206,0.912280701754386,-0.008695652173913066,-0.01216545012165451,0.01216545012165451,-0.23315118397085619,0.06797500000000001,0.017129709999999996,-1948425.0,3153795.0
7.0,0.0198,0.0217,0.0407,0.027800000000000002,0.053515695,4.6896844e-06,3.7657188e-05,0.0212,0.0245,0.020900000000000002,0.0195,0.0472,0.0228,0.021500000000000002,0.021400000000000002,0.14168377823408623,-0.12323232323232325,0.07394766780432308,-0.04578313253012045,0.032909144717372,-0.04578313253012045,0.1680672268907563,1.4640287769784173,1.8755760368663594,0.9330143540669855,0.868421052631579,0.024719101123595513,0.027027027027027035,-0.027027027027027035,-0.18977384464110125,0.054025000000000004,0.01412564,-1940995.0,3155105.0
7.0,0.0222,0.0244,0.0466,0.0317,0.05902102,5.668878e-06,3.778747e-05,0.0228,0.028300000000000002,0.0227,0.020800000000000003,0.050800000000000005,0.025500000000000002,0.023700000000000002,0.023700000000000002,0.16544117647058817,-0.1301247771836007,0.04312114989733061,-0.04721030042918456,0.037968502014406054,-0.04721030042918456,0.17625231910946193,1.470031545741325,1.9098360655737705,0.9162995594713657,0.8705882352941177,0.02204408817635271,0.011135857461024508,-0.011135857461024508,-0.20701754385964907,0.0637,0.016940879999999995,-1942515.0,3154015.0
